# 时间 (fs)	强度 (归一化)
-3.760702e+03 1.396058e-04
-3.758865e+03 1.457185e-04
-3.757028e+03 1.523709e-04
-3.755192e+03 1.594995e-04
-3.753355e+03 1.670368e-04
-3.751518e+03 1.749195e-04
-3.749681e+03 1.830975e-04
-3.747845e+03 1.915398e-04
-3.746008e+03 2.002390e-04
-3.744171e+03 2.092125e-04
-3.742335e+03 2.185007e-04
-3.740498e+03 2.281631e-04
-3.738661e+03 2.382711e-04
-3.736824e+03 2.488996e-04
-3.734988e+03 2.601183e-04
-3.733151e+03 2.719825e-04
-3.731314e+03 2.845262e-04
-3.729477e+03 2.977568e-04
-3.727641e+03 3.116533e-04
-3.725804e+03 3.261682e-04
-3.723967e+03 3.412324e-04
-3.722131e+03 3.567645e-04
-3.720294e+03 3.726818e-04
-3.718457e+03 3.889144e-04
-3.716620e+03 4.054186e-04
-3.714784e+03 4.221904e-04
-3.712947e+03 4.392766e-04
-3.711110e+03 4.567820e-04
-3.709273e+03 4.748725e-04
-3.707437e+03 4.937723e-04
-3.705600e+03 5.137563e-04
-3.703763e+03 5.351358e-04
-3.701927e+03 5.582402e-04
-3.700090e+03 5.833952e-04
-3.698253e+03 6.108983e-04
-3.696416e+03 6.409951e-04
-3.694580e+03 6.738561e-04
-3.692743e+03 7.095593e-04
-3.690906e+03 7.480768e-04
-3.689069e+03 7.892695e-04
-3.687233e+03 8.328901e-04
-3.685396e+03 8.785944e-04
-3.683559e+03 9.259609e-04
-3.681722e+03 9.745176e-04
-3.679886e+03 1.023775e-03
-3.678049e+03 1.073263e-03
-3.676212e+03 1.122565e-03
-3.674376e+03 1.171358e-03
-3.672539e+03 1.219438e-03
-3.670702e+03 1.266750e-03
-3.668865e+03 1.313395e-03
-3.667029e+03 1.359637e-03
-3.665192e+03 1.405896e-03
-3.663355e+03 1.452725e-03
-3.661518e+03 1.500781e-03
-3.659682e+03 1.550782e-03
-3.657845e+03 1.603467e-03
-3.656008e+03 1.659539e-03
-3.654172e+03 1.719620e-03
-3.652335e+03 1.784202e-03
-3.650498e+03 1.853608e-03
-3.648661e+03 1.927962e-03
-3.646825e+03 2.007172e-03
-3.644988e+03 2.090923e-03
-3.643151e+03 2.178692e-03
-3.641314e+03 2.269770e-03
-3.639478e+03 2.363300e-03
-3.637641e+03 2.458326e-03
-3.635804e+03 2.553845e-03
-3.633968e+03 2.648872e-03
-3.632131e+03 2.742496e-03
-3.630294e+03 2.833936e-03
-3.628457e+03 2.922593e-03
-3.626621e+03 3.008081e-03
-3.624784e+03 3.090256e-03
-3.622947e+03 3.169224e-03
-3.621110e+03 3.245334e-03
-3.619274e+03 3.319152e-03
-3.617437e+03 3.391431e-03
-3.615600e+03 3.463057e-03
-3.613764e+03 3.534999e-03
-3.611927e+03 3.608239e-03
-3.610090e+03 3.683716e-03
-3.608253e+03 3.762261e-03
-3.606417e+03 3.844550e-03
-3.604580e+03 3.931052e-03
-3.602743e+03 4.022005e-03
-3.600906e+03 4.117395e-03
-3.599070e+03 4.216959e-03
-3.597233e+03 4.320192e-03
-3.595396e+03 4.426381e-03
-3.593560e+03 4.534643e-03
-3.591723e+03 4.643971e-03
-3.589886e+03 4.753297e-03
-3.588049e+03 4.861547e-03
-3.586213e+03 4.967702e-03
-3.584376e+03 5.070857e-03
-3.582539e+03 5.170266e-03
-3.580702e+03 5.265386e-03
-3.578866e+03 5.355908e-03
-3.577029e+03 5.441771e-03
-3.575192e+03 5.523173e-03
-3.573356e+03 5.600558e-03
-3.571519e+03 5.674603e-03
-3.569682e+03 5.746186e-03
-3.567845e+03 5.816353e-03
-3.566009e+03 5.886269e-03
-3.564172e+03 5.957180e-03
-3.562335e+03 6.030356e-03
-3.560498e+03 6.107054e-03
-3.558662e+03 6.188467e-03
-3.556825e+03 6.275684e-03
-3.554988e+03 6.369666e-03
-3.553151e+03 6.471207e-03
-3.551315e+03 6.580924e-03
-3.549478e+03 6.699245e-03
-3.547641e+03 6.826403e-03
-3.545805e+03 6.962439e-03
-3.543968e+03 7.107218e-03
-3.542131e+03 7.260440e-03
-3.540294e+03 7.421661e-03
-3.538458e+03 7.590322e-03
-3.536621e+03 7.765768e-03
-3.534784e+03 7.947286e-03
-3.532947e+03 8.134124e-03
-3.531111e+03 8.325525e-03
-3.529274e+03 8.520751e-03
-3.527437e+03 8.719105e-03
-3.525601e+03 8.919954e-03
-3.523764e+03 9.122741e-03
-3.521927e+03 9.327000e-03
-3.520090e+03 9.532360e-03
-3.518254e+03 9.738545e-03
-3.516417e+03 9.945374e-03
-3.514580e+03 1.015275e-02
-3.512743e+03 1.036064e-02
-3.510907e+03 1.056906e-02
-3.509070e+03 1.077807e-02
-3.507233e+03 1.098774e-02
-3.505397e+03 1.119811e-02
-3.503560e+03 1.140917e-02
-3.501723e+03 1.162088e-02
-3.499886e+03 1.183310e-02
-3.498050e+03 1.204559e-02
-3.496213e+03 1.225799e-02
-3.494376e+03 1.246985e-02
-3.492539e+03 1.268058e-02
-3.490703e+03 1.288950e-02
-3.488866e+03 1.309580e-02
-3.487029e+03 1.329862e-02
-3.485193e+03 1.349703e-02
-3.483356e+03 1.369005e-02
-3.481519e+03 1.387673e-02
-3.479682e+03 1.405612e-02
-3.477846e+03 1.422735e-02
-3.476009e+03 1.438963e-02
-3.474172e+03 1.454228e-02
-3.472335e+03 1.468478e-02
-3.470499e+03 1.481677e-02
-3.468662e+03 1.493804e-02
-3.466825e+03 1.504861e-02
-3.464989e+03 1.514867e-02
-3.463152e+03 1.523858e-02
-3.461315e+03 1.531890e-02
-3.459478e+03 1.539036e-02
-3.457642e+03 1.545383e-02
-3.455805e+03 1.551030e-02
-3.453968e+03 1.556086e-02
-3.452131e+03 1.560668e-02
-3.450295e+03 1.564897e-02
-3.448458e+03 1.568896e-02
-3.446621e+03 1.572784e-02
-3.444784e+03 1.576678e-02
-3.442948e+03 1.580687e-02
-3.441111e+03 1.584911e-02
-3.439274e+03 1.589437e-02
-3.437438e+03 1.594338e-02
-3.435601e+03 1.599672e-02
-3.433764e+03 1.605481e-02
-3.431927e+03 1.611787e-02
-3.430091e+03 1.618597e-02
-3.428254e+03 1.625898e-02
-3.426417e+03 1.633658e-02
-3.424580e+03 1.641829e-02
-3.422744e+03 1.650348e-02
-3.420907e+03 1.659135e-02
-3.419070e+03 1.668100e-02
-3.417234e+03 1.677140e-02
-3.415397e+03 1.686144e-02
-3.413560e+03 1.694996e-02
-3.411723e+03 1.703577e-02
-3.409887e+03 1.711766e-02
-3.408050e+03 1.719446e-02
-3.406213e+03 1.726503e-02
-3.404376e+03 1.732833e-02
-3.402540e+03 1.738338e-02
-3.400703e+03 1.742935e-02
-3.398866e+03 1.746554e-02
-3.397030e+03 1.749141e-02
-3.395193e+03 1.750659e-02
-3.393356e+03 1.751087e-02
-3.391519e+03 1.750426e-02
-3.389683e+03 1.748694e-02
-3.387846e+03 1.745929e-02
-3.386009e+03 1.742188e-02
-3.384172e+03 1.737546e-02
-3.382336e+03 1.732095e-02
-3.380499e+03 1.725943e-02
-3.378662e+03 1.719210e-02
-3.376826e+03 1.712029e-02
-3.374989e+03 1.704539e-02
-3.373152e+03 1.696884e-02
-3.371315e+03 1.689207e-02
-3.369479e+03 1.681651e-02
-3.367642e+03 1.674348e-02
-3.365805e+03 1.667417e-02
-3.363968e+03 1.660962e-02
-3.362132e+03 1.655064e-02
-3.360295e+03 1.649779e-02
-3.358458e+03 1.645135e-02
-3.356622e+03 1.641127e-02
-3.354785e+03 1.637718e-02
-3.352948e+03 1.634839e-02
-3.351111e+03 1.632384e-02
-3.349275e+03 1.630220e-02
-3.347438e+03 1.628183e-02
-3.345601e+03 1.626086e-02
-3.343764e+03 1.623724e-02
-3.341928e+03 1.620881e-02
-3.340091e+03 1.617333e-02
-3.338254e+03 1.612862e-02
-3.336418e+03 1.607262e-02
-3.334581e+03 1.600341e-02
-3.332744e+03 1.591938e-02
-3.330907e+03 1.581923e-02
-3.329071e+03 1.570205e-02
-3.327234e+03 1.556737e-02
-3.325397e+03 1.541516e-02
-3.323560e+03 1.524589e-02
-3.321724e+03 1.506051e-02
-3.319887e+03 1.486041e-02
-3.318050e+03 1.464742e-02
-3.316213e+03 1.442373e-02
-3.314377e+03 1.419184e-02
-3.312540e+03 1.395450e-02
-3.310703e+03 1.371461e-02
-3.308867e+03 1.347512e-02
-3.307030e+03 1.323896e-02
-3.305193e+03 1.300894e-02
-3.303356e+03 1.278768e-02
-3.301520e+03 1.257747e-02
-3.299683e+03 1.238027e-02
-3.297846e+03 1.219761e-02
-3.296009e+03 1.203052e-02
-3.294173e+03 1.187955e-02
-3.292336e+03 1.174469e-02
-3.290499e+03 1.162543e-02
-3.288663e+03 1.152071e-02
-3.286826e+03 1.142901e-02
-3.284989e+03 1.134838e-02
-3.283152e+03 1.127652e-02
-3.281316e+03 1.121080e-02
-3.279479e+03 1.114847e-02
-3.277642e+03 1.108663e-02
-3.275805e+03 1.102245e-02
-3.273969e+03 1.095322e-02
-3.272132e+03 1.087645e-02
-3.270295e+03 1.079003e-02
-3.268459e+03 1.069226e-02
-3.266622e+03 1.058196e-02
-3.264785e+03 1.045849e-02
-3.262948e+03 1.032183e-02
-3.261112e+03 1.017254e-02
-3.259275e+03 1.001175e-02
-3.257438e+03 9.841130e-03
-3.255601e+03 9.662793e-03
-3.253765e+03 9.479198e-03
-3.251928e+03 9.293034e-03
-3.250091e+03 9.107083e-03
-3.248255e+03 8.924080e-03
-3.246418e+03 8.746569e-03
-3.244581e+03 8.576764e-03
-3.242744e+03 8.416430e-03
-3.240908e+03 8.266778e-03
-3.239071e+03 8.128399e-03
-3.237234e+03 8.001215e-03
-3.235397e+03 7.884484e-03
-3.233561e+03 7.776826e-03
-3.231724e+03 7.676300e-03
-3.229887e+03 7.580503e-03
-3.228051e+03 7.486702e-03
-3.226214e+03 7.391993e-03
-3.224377e+03 7.293460e-03
-3.222540e+03 7.188354e-03
-3.220704e+03 7.074249e-03
-3.218867e+03 6.949191e-03
-3.217030e+03 6.811822e-03
-3.215193e+03 6.661465e-03
-3.213357e+03 6.498174e-03
-3.211520e+03 6.322740e-03
-3.209683e+03 6.136653e-03
-3.207847e+03 5.942023e-03
-3.206010e+03 5.741464e-03
-3.204173e+03 5.537943e-03
-3.202336e+03 5.334615e-03
-3.200500e+03 5.134640e-03
-3.198663e+03 4.941004e-03
-3.196826e+03 4.756344e-03
-3.194989e+03 4.582808e-03
-3.193153e+03 4.421931e-03
-3.191316e+03 4.274558e-03
-3.189479e+03 4.140808e-03
-3.187642e+03 4.020085e-03
-3.185806e+03 3.911129e-03
-3.183969e+03 3.812113e-03
-3.182132e+03 3.720770e-03
-3.180296e+03 3.634550e-03
-3.178459e+03 3.550787e-03
-3.176622e+03 3.466878e-03
-3.174785e+03 3.380446e-03
-3.172949e+03 3.289492e-03
-3.171112e+03 3.192517e-03
-3.169275e+03 3.088607e-03
-3.167438e+03 2.977483e-03
-3.165602e+03 2.859502e-03
-3.163765e+03 2.735620e-03
-3.161928e+03 2.607315e-03
-3.160092e+03 2.476475e-03
-3.158255e+03 2.345265e-03
-3.156418e+03 2.215977e-03
-3.154581e+03 2.090870e-03
-3.152745e+03 1.972027e-03
-3.150908e+03 1.861218e-03
-3.149071e+03 1.759789e-03
-3.147234e+03 1.668591e-03
-3.145398e+03 1.587932e-03
-3.143561e+03 1.517579e-03
-3.141724e+03 1.456789e-03
-3.139888e+03 1.404374e-03
-3.138051e+03 1.358804e-03
-3.136214e+03 1.318317e-03
-3.134377e+03 1.281050e-03
-3.132541e+03 1.245168e-03
-3.130704e+03 1.208993e-03
-3.128867e+03 1.171106e-03
-3.127030e+03 1.130436e-03
-3.125194e+03 1.086319e-03
-3.123357e+03 1.038523e-03
-3.121520e+03 9.872431e-04
-3.119684e+03 9.330634e-04
-3.117847e+03 8.768965e-04
-3.116010e+03 8.198968e-04
-3.114173e+03 7.633616e-04
-3.112337e+03 7.086249e-04
-3.110500e+03 6.569525e-04
-3.108663e+03 6.094462e-04
-3.106826e+03 5.669638e-04
-3.104990e+03 5.300603e-04
-3.103153e+03 4.989539e-04
-3.101316e+03 4.735186e-04
-3.099480e+03 4.533035e-04
-3.097643e+03 4.375748e-04
-3.095806e+03 4.253796e-04
-3.093969e+03 4.156218e-04
-3.092133e+03 4.071484e-04
-3.090296e+03 3.988356e-04
-3.088459e+03 3.896706e-04
-3.086622e+03 3.788217e-04
-3.084786e+03 3.656921e-04
-3.082949e+03 3.499547e-04
-3.081112e+03 3.315641e-04
-3.079276e+03 3.107478e-04
-3.077439e+03 2.879758e-04
-3.075602e+03 2.639137e-04
-3.073765e+03 2.393623e-04
-3.071929e+03 2.151886e-04
-3.070092e+03 1.922550e-04
-3.068255e+03 1.713509e-04
-3.066418e+03 1.531329e-04
-3.064582e+03 1.380772e-04
-3.062745e+03 1.264482e-04
-3.060908e+03 1.182837e-04
-3.059071e+03 1.133994e-04
-3.057235e+03 1.114096e-04
-3.055398e+03 1.117631e-04
-3.053561e+03 1.137906e-04
-3.051725e+03 1.167590e-04
-3.049888e+03 1.199292e-04
-3.048051e+03 1.226111e-04
-3.046214e+03 1.242139e-04
-3.044378e+03 1.242852e-04
-3.042541e+03 1.225383e-04
-3.040704e+03 1.188656e-04
-3.038867e+03 1.133368e-04
-3.037031e+03 1.061836e-04
-3.035194e+03 9.777198e-05
-3.033357e+03 8.856537e-05
-3.031521e+03 7.908161e-05
-3.029684e+03 6.984752e-05
-3.027847e+03 6.135488e-05
-3.026010e+03 5.402123e-05
-3.024174e+03 4.815864e-05
-3.022337e+03 4.395240e-05
-3.020500e+03 4.145115e-05
-3.018663e+03 4.056873e-05
-3.016827e+03 4.109705e-05
-3.014990e+03 4.272863e-05
-3.013153e+03 4.508638e-05
-3.011317e+03 4.775798e-05
-3.009480e+03 5.033186e-05
-3.007643e+03 5.243160e-05
-3.005806e+03 5.374606e-05
-3.003970e+03 5.405291e-05
-3.002133e+03 5.323370e-05
-3.000296e+03 5.127966e-05
-2.998459e+03 4.828804e-05
-2.996623e+03 4.444959e-05
-2.994786e+03 4.002864e-05
-2.992949e+03 3.533758e-05
-2.991113e+03 3.070816e-05
-2.989276e+03 2.646217e-05
-2.987439e+03 2.288384e-05
-2.985602e+03 2.019638e-05
-2.983766e+03 1.854436e-05
-2.981929e+03 1.798335e-05
-2.980092e+03 1.847734e-05
-2.978255e+03 1.990401e-05
-2.976419e+03 2.206710e-05
-2.974582e+03 2.471461e-05
-2.972745e+03 2.756125e-05
-2.970909e+03 3.031291e-05
-2.969072e+03 3.269127e-05
-2.967235e+03 3.445634e-05
-2.965398e+03 3.542521e-05
-2.963562e+03 3.548542e-05
-2.961725e+03 3.460223e-05
-2.959888e+03 3.281915e-05
-2.958051e+03 3.025202e-05
-2.956215e+03 2.707734e-05
-2.954378e+03 2.351594e-05
-2.952541e+03 1.981354e-05
-2.950705e+03 1.621992e-05
-2.948868e+03 1.296842e-05
-2.947031e+03 1.025750e-05
-2.945194e+03 8.235858e-06
-2.943358e+03 6.992081e-06
-2.941521e+03 6.549671e-06
-2.939684e+03 6.867584e-06
-2.937847e+03 7.846062e-06
-2.936011e+03 9.337080e-06
-2.934174e+03 1.115837e-05
-2.932337e+03 1.310975e-05
-2.930500e+03 1.499022e-05
-2.928664e+03 1.661453e-05
-2.926827e+03 1.782773e-05
-2.924990e+03 1.851660e-05
-2.923154e+03 1.861718e-05
-2.921317e+03 1.811789e-05
-2.919480e+03 1.705813e-05
-2.917643e+03 1.552270e-05
-2.915807e+03 1.363270e-05
-2.913970e+03 1.153376e-05
-2.912133e+03 9.382739e-06
-2.910296e+03 7.334068e-06
-2.908460e+03 5.526894e-06
-2.906623e+03 4.074105e-06
-2.904786e+03 3.054044e-06
-2.902950e+03 2.505525e-06
-2.901113e+03 2.426423e-06
-2.899276e+03 2.775799e-06
-2.897439e+03 3.479223e-06
-2.895603e+03 4.436714e-06
-2.893766e+03 5.532484e-06
-2.891929e+03 6.645591e-06
-2.890092e+03 7.660538e-06
-2.888256e+03 8.476915e-06
-2.886419e+03 9.017299e-06
-2.884582e+03 9.232808e-06
-2.882746e+03 9.105941e-06
-2.880909e+03 8.650573e-06
-2.879072e+03 7.909237e-06
-2.877235e+03 6.948056e-06
-2.875399e+03 5.849852e-06
-2.873562e+03 4.706135e-06
-2.871725e+03 3.608695e-06
-2.869888e+03 2.641559e-06
-2.868052e+03 1.873991e-06
-2.866215e+03 1.355093e-06
-2.864378e+03 1.110416e-06
-2.862542e+03 1.140767e-06
-2.860705e+03 1.423233e-06
-2.858868e+03 1.914222e-06
-2.857031e+03 2.554164e-06
-2.855195e+03 3.273389e-06
-2.853358e+03 3.998610e-06
-2.851521e+03 4.659421e-06
-2.849684e+03 5.194242e-06
-2.847848e+03 5.555209e-06
-2.846011e+03 5.711646e-06
-2.844174e+03 5.651876e-06
-2.842338e+03 5.383291e-06
-2.840501e+03 4.930764e-06
-2.838664e+03 4.333632e-06
-2.836827e+03 3.641562e-06
-2.834991e+03 2.909755e-06
-2.833154e+03 2.193902e-06
-2.831317e+03 1.545384e-06
-2.829480e+03 1.007096e-06
-2.827644e+03 6.102464e-07
-2.825807e+03 3.723532e-07
-2.823970e+03 2.965431e-07
-2.822134e+03 3.721512e-07
-2.820297e+03 5.764859e-07
-2.818460e+03 8.775398e-07
-2.816623e+03 1.237348e-06
-2.814787e+03 1.615660e-06
-2.812950e+03 1.973572e-06
-2.811113e+03 2.276812e-06
-2.809276e+03 2.498389e-06
-2.807440e+03 2.620429e-06
-2.805603e+03 2.635066e-06
-2.803766e+03 2.544389e-06
-2.801929e+03 2.359499e-06
-2.800093e+03 2.098844e-06
-2.798256e+03 1.786001e-06
-2.796419e+03 1.447186e-06
-2.794583e+03 1.108711e-06
-2.792746e+03 7.946443e-07
-2.790909e+03 5.248597e-07
-2.789072e+03 3.136444e-07
-2.787236e+03 1.689347e-07
-2.785399e+03 9.220986e-08
-2.783562e+03 7.899631e-08
-2.781725e+03 1.198823e-07
-2.779889e+03 2.019010e-07
-2.778052e+03 3.101149e-07
-2.776215e+03 4.292270e-07
-2.774379e+03 5.450574e-07
-2.772542e+03 6.457492e-07
-2.770705e+03 7.226076e-07
-2.768868e+03 7.705234e-07
-2.767032e+03 7.879768e-07
-2.765195e+03 7.766679e-07
-2.763358e+03 7.408514e-07
-2.761521e+03 6.864830e-07
-2.759685e+03 6.202956e-07
-2.757848e+03 5.489212e-07
-2.756011e+03 4.781598e-07
-2.754175e+03 4.124707e-07
-2.752338e+03 3.547288e-07
-2.750501e+03 3.062498e-07
-2.748664e+03 2.670568e-07
-2.746828e+03 2.363266e-07
-2.744991e+03 2.129359e-07
-2.743154e+03 1.960144e-07
-2.741317e+03 1.854146e-07
-2.739481e+03 1.820216e-07
-2.737644e+03 1.878471e-07
-2.735807e+03 2.058845e-07
-2.733971e+03 2.397325e-07
-2.732134e+03 2.930308e-07
-2.730297e+03 3.687764e-07
-2.728460e+03 4.686123e-07
-2.726624e+03 5.921889e-07
-2.724787e+03 7.366953e-07
-2.722950e+03 8.966452e-07
-2.721113e+03 1.063974e-06
-2.719277e+03 1.228475e-06
-2.717440e+03 1.378554e-06
-2.715603e+03 1.502257e-06
-2.713767e+03 1.588479e-06
-2.711930e+03 1.628234e-06
-2.710093e+03 1.615857e-06
-2.708256e+03 1.550002e-06
-2.706420e+03 1.434309e-06
-2.704583e+03 1.277646e-06
-2.702746e+03 1.093848e-06
-2.700909e+03 9.009628e-07
-2.699073e+03 7.200086e-07
-2.697236e+03 5.733478e-07
-2.695399e+03 4.827916e-07
-2.693562e+03 4.676021e-07
-2.691726e+03 5.425685e-07
-2.689889e+03 7.163425e-07
-2.688052e+03 9.902020e-07
-2.686216e+03 1.357380e-06
-2.684379e+03 1.803051e-06
-2.682542e+03 2.305014e-06
-2.680705e+03 2.835042e-06
-2.678869e+03 3.360814e-06
-2.677032e+03 3.848288e-06
-2.675195e+03 4.264319e-06
-2.673358e+03 4.579321e-06
-2.671522e+03 4.769721e-06
-2.669685e+03 4.820019e-06
-2.667848e+03 4.724229e-06
-2.666012e+03 4.486600e-06
-2.664175e+03 4.121504e-06
-2.662338e+03 3.652505e-06
-2.660501e+03 3.110654e-06
-2.658665e+03 2.532154e-06
-2.656828e+03 1.955568e-06
-2.654991e+03 1.418817e-06
-2.653154e+03 9.562007e-07
-2.651318e+03 5.957011e-07
-2.649481e+03 3.568051e-07
-2.647644e+03 2.490213e-07
-2.645808e+03 2.712291e-07
-2.643971e+03 4.119135e-07
-2.642134e+03 6.502676e-07
-2.640297e+03 9.580692e-07
-2.638461e+03 1.302170e-06
-2.636624e+03 1.647381e-06
-2.634787e+03 1.959509e-06
-2.632950e+03 2.208272e-06
-2.631114e+03 2.369857e-06
-2.629277e+03 2.428886e-06
-2.627440e+03 2.379633e-06
-2.625604e+03 2.226379e-06
-2.623767e+03 1.982904e-06
-2.621930e+03 1.671129e-06
-2.620093e+03 1.319080e-06
-2.618257e+03 9.583143e-07
-2.616420e+03 6.210736e-07
-2.614583e+03 3.373997e-07
-2.612746e+03 1.324744e-07
-2.610910e+03 2.441577e-08
-2.609073e+03 2.272319e-08
-2.607236e+03 1.275022e-07
-2.605400e+03 3.295313e-07
-2.603563e+03 6.111579e-07
-2.601726e+03 9.479337e-07
-2.599889e+03 1.310839e-06
-2.598053e+03 1.668894e-06
-2.596216e+03 1.991909e-06
-2.594379e+03 2.253152e-06
-2.592542e+03 2.431664e-06
-2.590706e+03 2.514046e-06
-2.588869e+03 2.495558e-06
-2.587032e+03 2.380423e-06
-2.585196e+03 2.181347e-06
-2.583359e+03 1.918281e-06
-2.581522e+03 1.616562e-06
-2.579685e+03 1.304592e-06
-2.577849e+03 1.011287e-06
-2.576012e+03 7.635026e-07
-2.574175e+03 5.836861e-07
-2.572338e+03 4.879517e-07
-2.570502e+03 4.847429e-07
-2.568665e+03 5.741960e-07
-2.566828e+03 7.482471e-07
-2.564991e+03 9.914626e-07
-2.563155e+03 1.282504e-06
-2.561318e+03 1.596089e-06
-2.559481e+03 1.905258e-06
-2.557645e+03 2.183747e-06
-2.555808e+03 2.408242e-06
-2.553971e+03 2.560329e-06
-2.552134e+03 2.627960e-06
-2.550298e+03 2.606323e-06
-2.548461e+03 2.498048e-06
-2.546624e+03 2.312753e-06
-2.544787e+03 2.065980e-06
-2.542951e+03 1.777642e-06
-2.541114e+03 1.470124e-06
-2.539277e+03 1.166238e-06
-2.537441e+03 8.872016e-07
-2.535604e+03 6.508408e-07
-2.533767e+03 4.701666e-07
-2.531930e+03 3.524485e-07
-2.530094e+03 2.988543e-07
-2.528257e+03 3.046712e-07
-2.526420e+03 3.600702e-07
-2.524583e+03 4.513232e-07
-2.522747e+03 5.623442e-07
-2.520910e+03 6.763976e-07
-2.519073e+03 7.778044e-07
-2.517237e+03 8.534824e-07
-2.515400e+03 8.941763e-07
-2.513563e+03 8.952669e-07
-2.511726e+03 8.570911e-07
-2.509890e+03 7.847540e-07
-2.508053e+03 6.874639e-07
-2.506216e+03 5.774651e-07
-2.504379e+03 4.686845e-07
-2.502543e+03 3.752278e-07
-2.500706e+03 3.098800e-07
-2.498869e+03 2.827554e-07
-2.497033e+03 3.002296e-07
-2.495196e+03 3.642543e-07
-2.493359e+03 4.721171e-07
-2.491522e+03 6.166640e-07
-2.489686e+03 7.869589e-07
-2.487849e+03 9.693087e-07
-2.486012e+03 1.148552e-06
-2.484175e+03 1.309484e-06
-2.482339e+03 1.438276e-06
-2.480502e+03 1.523759e-06
-2.478665e+03 1.558438e-06
-2.476829e+03 1.539167e-06
-2.474992e+03 1.467393e-06
-2.473155e+03 1.348985e-06
-2.471318e+03 1.193648e-06
-2.469482e+03 1.014002e-06
-2.467645e+03 8.244015e-07
-2.465808e+03 6.396387e-07
-2.463971e+03 4.736301e-07
-2.462135e+03 3.382299e-07
-2.460298e+03 2.422735e-07
-2.458461e+03 1.909361e-07
-2.456625e+03 1.854599e-07
-2.454788e+03 2.232652e-07
-2.452951e+03 2.984200e-07
-2.451114e+03 4.024115e-07
-2.449278e+03 5.251313e-07
-2.447441e+03 6.559684e-07
-2.445604e+03 7.848949e-07
-2.443767e+03 9.034340e-07
-2.441931e+03 1.005414e-06
-2.440094e+03 1.087432e-06
-2.438257e+03 1.149001e-06
-2.436420e+03 1.192348e-06
-2.434584e+03 1.221925e-06
-2.432747e+03 1.243669e-06
-2.430910e+03 1.264112e-06
-2.429074e+03 1.289433e-06
-2.427237e+03 1.324570e-06
-2.425400e+03 1.372483e-06
-2.423563e+03 1.433658e-06
-2.421727e+03 1.505908e-06
-2.419890e+03 1.584501e-06
-2.418053e+03 1.662593e-06
-2.416216e+03 1.731943e-06
-2.414380e+03 1.783825e-06
-2.412543e+03 1.810040e-06
-2.410706e+03 1.803929e-06
-2.408870e+03 1.761264e-06
-2.407033e+03 1.680935e-06
-2.405196e+03 1.565331e-06
-2.403359e+03 1.420381e-06
-2.401523e+03 1.255233e-06
-2.399686e+03 1.081581e-06
-2.397849e+03 9.127117e-07
-2.396012e+03 7.623478e-07
-2.394176e+03 6.433940e-07
-2.392339e+03 5.667126e-07
-2.390502e+03 5.400449e-07
-2.388666e+03 5.671900e-07
-2.386829e+03 6.475237e-07
-2.384992e+03 7.759164e-07
-2.383155e+03 9.430629e-07
-2.381319e+03 1.136204e-06
-2.379482e+03 1.340181e-06
-2.377645e+03 1.538719e-06
-2.375808e+03 1.715844e-06
-2.373972e+03 1.857271e-06
-2.372135e+03 1.951670e-06
-2.370298e+03 1.991651e-06
-2.368462e+03 1.974411e-06
-2.366625e+03 1.901949e-06
-2.364788e+03 1.780854e-06
-2.362951e+03 1.621656e-06
-2.361115e+03 1.437833e-06
-2.359278e+03 1.244537e-06
-2.357441e+03 1.057186e-06
-2.355604e+03 8.900318e-07
-2.353768e+03 7.548663e-07
-2.351931e+03 6.599703e-07
-2.350094e+03 6.094150e-07
-2.348258e+03 6.027821e-07
-2.346421e+03 6.353272e-07
-2.344584e+03 6.985713e-07
-2.342747e+03 7.812586e-07
-2.340911e+03 8.705889e-07
-2.339074e+03 9.535971e-07
-2.337237e+03 1.018547e-06
-2.335400e+03 1.056191e-06
-2.333564e+03 1.060782e-06
-2.331727e+03 1.030712e-06
-2.329890e+03 9.687315e-07
-2.328054e+03 8.817059e-07
-2.326217e+03 7.799397e-07
-2.324380e+03 6.761229e-07
-2.322543e+03 5.840060e-07
-2.320707e+03 5.169311e-07
-2.318870e+03 4.863666e-07
-2.317033e+03 5.005938e-07
-2.315196e+03 5.636812e-07
-2.313360e+03 6.748575e-07
-2.311523e+03 8.283559e-07
-2.309686e+03 1.013757e-06
-2.307849e+03 1.216812e-06
-2.306013e+03 1.420672e-06
-2.304176e+03 1.607428e-06
-2.302339e+03 1.759795e-06
-2.300503e+03 1.862813e-06
-2.298666e+03 1.905367e-06
-2.296829e+03 1.881403e-06
-2.294992e+03 1.790694e-06
-2.293156e+03 1.639084e-06
-2.291319e+03 1.438169e-06
-2.289482e+03 1.204427e-06
-2.287645e+03 9.578696e-07
-2.285809e+03 7.203252e-07
-2.283972e+03 5.135136e-07
-2.282135e+03 3.570760e-07
-2.280299e+03 2.667486e-07
-2.278462e+03 2.528508e-07
-2.276625e+03 3.192315e-07
-2.274788e+03 4.627816e-07
-2.272952e+03 6.735662e-07
-2.271115e+03 9.355761e-07
-2.269278e+03 1.228039e-06
-2.267441e+03 1.527181e-06
-2.265605e+03 1.808282e-06
-2.263768e+03 2.047846e-06
-2.261931e+03 2.225687e-06
-2.260095e+03 2.326738e-06
-2.258258e+03 2.342429e-06
-2.256421e+03 2.271483e-06
-2.254584e+03 2.120075e-06
-2.252748e+03 1.901316e-06
-2.250911e+03 1.634121e-06
-2.249074e+03 1.341539e-06
-2.247237e+03 1.048715e-06
-2.245401e+03 7.806490e-07
-2.243564e+03 5.599639e-07
-2.241727e+03 4.048857e-07
-2.239891e+03 3.276140e-07
-2.238054e+03 3.332386e-07
-2.236217e+03 4.192997e-07
-2.234380e+03 5.760337e-07
-2.232544e+03 7.872850e-07
-2.230707e+03 1.032000e-06
-2.228870e+03 1.286169e-06
-2.227033e+03 1.525039e-06
-2.225197e+03 1.725392e-06
-2.223360e+03 1.867688e-06
-2.221523e+03 1.937862e-06
-2.219687e+03 1.928623e-06
-2.217850e+03 1.840132e-06
-2.216013e+03 1.679986e-06
-2.214176e+03 1.462523e-06
-2.212340e+03 1.207504e-06
-2.210503e+03 9.382892e-07
-2.208666e+03 6.796890e-07
-2.206829e+03 4.556709e-07
-2.204993e+03 2.871472e-07
-2.203156e+03 1.900400e-07
-2.201319e+03 1.738048e-07
-2.199483e+03 2.405477e-07
-2.197646e+03 3.848190e-07
-2.195809e+03 5.941011e-07
-2.193972e+03 8.499460e-07
-2.192136e+03 1.129659e-06
-2.190299e+03 1.408369e-06
-2.188462e+03 1.661302e-06
-2.186625e+03 1.866041e-06
-2.184789e+03 2.004567e-06
-2.182952e+03 2.064892e-06
-2.181115e+03 2.042141e-06
-2.179278e+03 1.938974e-06
-2.177442e+03 1.765315e-06
-2.175605e+03 1.537421e-06
-2.173768e+03 1.276366e-06
-2.171932e+03 1.006091e-06
-2.170095e+03 7.512000e-07
-2.168258e+03 5.347030e-07
-2.166421e+03 3.759164e-07
-2.164585e+03 2.887160e-07
-2.162748e+03 2.803003e-07
-2.160911e+03 3.505777e-07
-2.159074e+03 4.922311e-07
-2.157238e+03 6.914513e-07
-2.155401e+03 9.292676e-07
-2.153564e+03 1.183348e-06
-2.151728e+03 1.430101e-06
-2.149891e+03 1.646881e-06
-2.148054e+03 1.814088e-06
-2.146217e+03 1.916971e-06
-2.144381e+03 1.946968e-06
-2.142544e+03 1.902450e-06
-2.140707e+03 1.788815e-06
-2.138870e+03 1.617922e-06
-2.137034e+03 1.406916e-06
-2.135197e+03 1.176561e-06
-2.133360e+03 9.492481e-07
-2.131524e+03 7.468524e-07
-2.129687e+03 5.886548e-07
-2.127850e+03 4.895194e-07
-2.126013e+03 4.584986e-07
-2.124177e+03 4.979971e-07
-2.122340e+03 6.035737e-07
-2.120503e+03 7.643954e-07
-2.118666e+03 9.643029e-07
-2.116830e+03 1.183383e-06
-2.114993e+03 1.399897e-06
-2.113156e+03 1.592387e-06
-2.111320e+03 1.741753e-06
-2.109483e+03 1.833103e-06
-2.107646e+03 1.857210e-06
-2.105809e+03 1.811426e-06
-2.103973e+03 1.699968e-06
-2.102136e+03 1.533548e-06
-2.100299e+03 1.328387e-06
-2.098462e+03 1.104689e-06
-2.096626e+03 8.847384e-07
-2.094789e+03 6.907759e-07
-2.092952e+03 5.428780e-07
-2.091116e+03 4.570182e-07
-2.089279e+03 4.435074e-07
-2.087442e+03 5.059555e-07
-2.085605e+03 6.408560e-07
-2.083769e+03 8.378351e-07
-2.081932e+03 1.080545e-06
-2.080095e+03 1.348121e-06
-2.078258e+03 1.617066e-06
-2.076422e+03 1.863398e-06
-2.074585e+03 2.064847e-06
-2.072748e+03 2.202912e-06
-2.070912e+03 2.264582e-06
-2.069075e+03 2.243555e-06
-2.067238e+03 2.140853e-06
-2.065401e+03 1.964763e-06
-2.063565e+03 1.730119e-06
-2.061728e+03 1.456983e-06
-2.059891e+03 1.168844e-06
-2.058054e+03 8.905113e-07
-2.056218e+03 6.458831e-07
-2.054381e+03 4.557994e-07
-2.052544e+03 3.361781e-07
-2.050707e+03 2.966013e-07
-2.048871e+03 3.394806e-07
-2.047034e+03 4.598770e-07
-2.045197e+03 6.459887e-07
-2.043361e+03 8.802604e-07
-2.041524e+03 1.141009e-06
-2.039687e+03 1.404418e-06
-2.037850e+03 1.646706e-06
-2.036014e+03 1.846288e-06
-2.034177e+03 1.985711e-06
-2.032340e+03 2.053203e-06
-2.030503e+03 2.043690e-06
-2.028667e+03 1.959189e-06
-2.026830e+03 1.808553e-06
-2.024993e+03 1.606589e-06
-2.023157e+03 1.372638e-06
-2.021320e+03 1.128752e-06
-2.019483e+03 8.976408e-07
-2.017646e+03 7.005760e-07
-2.015810e+03 5.554466e-07
-2.013973e+03 4.751474e-07
-2.012136e+03 4.664423e-07
-2.010299e+03 5.294038e-07
-2.008463e+03 6.574757e-07
-2.006626e+03 8.381456e-07
-2.004789e+03 1.054160e-06
-2.002953e+03 1.285165e-06
-2.001116e+03 1.509608e-06
-1.999279e+03 1.706739e-06
-1.997442e+03 1.858500e-06
-1.995606e+03 1.951153e-06
-1.993769e+03 1.976482e-06
-1.991932e+03 1.932468e-06
-1.990095e+03 1.823380e-06
-1.988259e+03 1.659284e-06
-1.986422e+03 1.455019e-06
-1.984585e+03 1.228746e-06
-1.982749e+03 1.000205e-06
-1.980912e+03 7.888651e-07
-1.979075e+03 6.121149e-07
-1.977238e+03 4.836933e-07
-1.975402e+03 4.124834e-07
-1.973565e+03 4.017879e-07
-1.971728e+03 4.491474e-07
-1.969891e+03 5.467086e-07
-1.968055e+03 6.821014e-07
-1.966218e+03 8.397336e-07
-1.964381e+03 1.002373e-06
-1.962545e+03 1.152863e-06
-1.960708e+03 1.275798e-06
-1.958871e+03 1.359012e-06
-1.957034e+03 1.394718e-06
-1.955198e+03 1.380209e-06
-1.953361e+03 1.318050e-06
-1.951524e+03 1.215749e-06
-1.949687e+03 1.084932e-06
-1.947851e+03 9.401345e-07
-1.946014e+03 7.972986e-07
-1.944177e+03 6.721464e-07
-1.942341e+03 5.785813e-07
-1.940504e+03 5.272767e-07
-1.938667e+03 5.245889e-07
-1.936830e+03 5.719013e-07
-1.934994e+03 6.654632e-07
-1.933157e+03 7.967391e-07
-1.931320e+03 9.532347e-07
-1.929483e+03 1.119719e-06
-1.927647e+03 1.279723e-06
-1.925810e+03 1.417172e-06
-1.923973e+03 1.517989e-06
-1.922136e+03 1.571517e-06
-1.920300e+03 1.571616e-06
-1.918463e+03 1.517333e-06
-1.916626e+03 1.413073e-06
-1.914790e+03 1.268253e-06
-1.912953e+03 1.096471e-06
-1.911116e+03 9.142628e-07
-1.909279e+03 7.395693e-07
-1.907443e+03 5.900511e-07
-1.905606e+03 4.814161e-07
-1.903769e+03 4.259160e-07
-1.901932e+03 4.311560e-07
-1.900096e+03 4.993309e-07
-1.898259e+03 6.269620e-07
-1.896422e+03 8.051627e-07
-1.894586e+03 1.020408e-06
-1.892749e+03 1.255737e-06
-1.890912e+03 1.492285e-06
-1.889075e+03 1.710988e-06
-1.887239e+03 1.894312e-06
-1.885402e+03 2.027852e-06
-1.883565e+03 2.101626e-06
-1.881728e+03 2.110977e-06
-1.879892e+03 2.056973e-06
-1.878055e+03 1.946282e-06
-1.876218e+03 1.790527e-06
-1.874382e+03 1.605189e-06
-1.872545e+03 1.408153e-06
-1.870708e+03 1.218039e-06
-1.868871e+03 1.052473e-06
-1.867035e+03 9.264574e-07
-1.865198e+03 8.509896e-07
-1.863361e+03 8.320665e-07
-1.861524e+03 8.701561e-07
-1.859688e+03 9.601899e-07
-1.857851e+03 1.092073e-06
-1.856014e+03 1.251664e-06
-1.854178e+03 1.422133e-06
-1.852341e+03 1.585563e-06
-1.850504e+03 1.724658e-06
-1.848667e+03 1.824385e-06
-1.846831e+03 1.873406e-06
-1.844994e+03 1.865161e-06
-1.843157e+03 1.798513e-06
-1.841320e+03 1.677880e-06
-1.839484e+03 1.512862e-06
-1.837647e+03 1.317380e-06
-1.835810e+03 1.108427e-06
-1.833974e+03 9.045302e-07
-1.832137e+03 7.240785e-07
-1.830300e+03 5.836636e-07
-1.828463e+03 4.965872e-07
-1.826627e+03 4.716711e-07
-1.824790e+03 5.124735e-07
-1.822953e+03 6.169835e-07
-1.821116e+03 7.778136e-07
-1.819280e+03 9.828704e-07
-1.817443e+03 1.216438e-06
-1.815606e+03 1.460568e-06
-1.813769e+03 1.696652e-06
-1.811933e+03 1.907027e-06
-1.810096e+03 2.076467e-06
-1.808259e+03 2.193439e-06
-1.806423e+03 2.250996e-06
-1.804586e+03 2.247246e-06
-1.802749e+03 2.185366e-06
-1.800912e+03 2.073149e-06
-1.799076e+03 1.922166e-06
-1.797239e+03 1.746598e-06
-1.795402e+03 1.561879e-06
-1.793565e+03 1.383262e-06
-1.791729e+03 1.224454e-06
-1.789892e+03 1.096436e-06
-1.788055e+03 1.006584e-06
-1.786219e+03 9.581502e-07
-1.784382e+03 9.501630e-07
-1.782545e+03 9.777220e-07
-1.780708e+03 1.032667e-06
-1.778872e+03 1.104534e-06
-1.777035e+03 1.181710e-06
-1.775198e+03 1.252657e-06
-1.773361e+03 1.307094e-06
-1.771525e+03 1.337023e-06
-1.769688e+03 1.337492e-06
-1.767851e+03 1.307047e-06
-1.766015e+03 1.247810e-06
-1.764178e+03 1.165206e-06
-1.762341e+03 1.067360e-06
-1.760504e+03 9.642348e-07
-1.758668e+03 8.666014e-07
-1.756831e+03 7.849428e-07
-1.754994e+03 7.284037e-07
-1.753157e+03 7.038887e-07
-1.751321e+03 7.153934e-07
-1.749484e+03 7.636328e-07
-1.747647e+03 8.459959e-07
-1.745811e+03 9.568258e-07
-1.743974e+03 1.087992e-06
-1.742137e+03 1.229690e-06
-1.740300e+03 1.371390e-06
-1.738464e+03 1.502829e-06
-1.736627e+03 1.614958e-06
-1.734790e+03 1.700737e-06
-1.732953e+03 1.755721e-06
-1.731117e+03 1.778359e-06
-1.729280e+03 1.770011e-06
-1.727443e+03 1.734662e-06
-1.725607e+03 1.678386e-06
-1.723770e+03 1.608625e-06
-1.721933e+03 1.533341e-06
-1.720096e+03 1.460163e-06
-1.718260e+03 1.395596e-06
-1.716423e+03 1.344383e-06
-1.714586e+03 1.309091e-06
-1.712749e+03 1.289956e-06
-1.710913e+03 1.285000e-06
-1.709076e+03 1.290409e-06
-1.707239e+03 1.301122e-06
-1.705403e+03 1.311563e-06
-1.703566e+03 1.316443e-06
-1.701729e+03 1.311525e-06
-1.699892e+03 1.294277e-06
-1.698056e+03 1.264332e-06
-1.696219e+03 1.223687e-06
-1.694382e+03 1.176639e-06
-1.692545e+03 1.129417e-06
-1.690709e+03 1.089584e-06
-1.688872e+03 1.065224e-06
-1.687035e+03 1.064032e-06
-1.685198e+03 1.092372e-06
-1.683362e+03 1.154425e-06
-1.681525e+03 1.251508e-06
-1.679688e+03 1.381647e-06
-1.677852e+03 1.539468e-06
-1.676015e+03 1.716426e-06
-1.674178e+03 1.901357e-06
-1.672341e+03 2.081336e-06
-1.670505e+03 2.242749e-06
-1.668668e+03 2.372489e-06
-1.666831e+03 2.459176e-06
-1.664994e+03 2.494270e-06
-1.663158e+03 2.472981e-06
-1.661321e+03 2.394870e-06
-1.659484e+03 2.264089e-06
-1.657648e+03 2.089212e-06
-1.655811e+03 1.882665e-06
-1.653974e+03 1.659803e-06
-1.652137e+03 1.437698e-06
-1.650301e+03 1.233745e-06
-1.648464e+03 1.064209e-06
-1.646627e+03 9.428432e-07
-1.644790e+03 8.797003e-07
-1.642954e+03 8.802452e-07
-1.641117e+03 9.448570e-07
-1.639280e+03 1.068765e-06
-1.637444e+03 1.242427e-06
-1.635607e+03 1.452325e-06
-1.633770e+03 1.682101e-06
-1.631933e+03 1.913939e-06
-1.630097e+03 2.130071e-06
-1.628260e+03 2.314264e-06
-1.626423e+03 2.453169e-06
-1.624586e+03 2.537399e-06
-1.622750e+03 2.562251e-06
-1.620913e+03 2.527997e-06
-1.619076e+03 2.439745e-06
-1.617240e+03 2.306855e-06
-1.615403e+03 2.142002e-06
-1.613566e+03 1.959946e-06
-1.611729e+03 1.776152e-06
-1.609893e+03 1.605372e-06
-1.608056e+03 1.460324e-06
-1.606219e+03 1.350604e-06
-1.604382e+03 1.281909e-06
-1.602546e+03 1.255651e-06
-1.600709e+03 1.268995e-06
-1.598872e+03 1.315305e-06
-1.597036e+03 1.384941e-06
-1.595199e+03 1.466349e-06
-1.593362e+03 1.547304e-06
-1.591525e+03 1.616202e-06
-1.589689e+03 1.663270e-06
-1.587852e+03 1.681563e-06
-1.586015e+03 1.667671e-06
-1.584178e+03 1.622047e-06
-1.582342e+03 1.548945e-06
-1.580505e+03 1.455956e-06
-1.578668e+03 1.353213e-06
-1.576832e+03 1.252322e-06
-1.574995e+03 1.165147e-06
-1.573158e+03 1.102559e-06
-1.571321e+03 1.073281e-06
-1.569485e+03 1.082944e-06
-1.567648e+03 1.133452e-06
-1.565811e+03 1.222716e-06
-1.563974e+03 1.344803e-06
-1.562138e+03 1.490460e-06
-1.560301e+03 1.647997e-06
-1.558464e+03 1.804421e-06
-1.556627e+03 1.946711e-06
-1.554791e+03 2.063126e-06
-1.552954e+03 2.144392e-06
-1.551117e+03 2.184671e-06
-1.549281e+03 2.182189e-06
-1.547444e+03 2.139476e-06
-1.545607e+03 2.063180e-06
-1.543770e+03 1.963459e-06
-1.541934e+03 1.853021e-06
-1.540097e+03 1.745885e-06
-1.538260e+03 1.655991e-06
-1.536423e+03 1.595784e-06
-1.534587e+03 1.574917e-06
-1.532750e+03 1.599196e-06
-1.530913e+03 1.669880e-06
-1.529077e+03 1.783402e-06
-1.527240e+03 1.931557e-06
-1.525403e+03 2.102139e-06
-1.523566e+03 2.279978e-06
-1.521730e+03 2.448286e-06
-1.519893e+03 2.590191e-06
-1.518056e+03 2.690315e-06
-1.516219e+03 2.736253e-06
-1.514383e+03 2.719808e-06
-1.512546e+03 2.637868e-06
-1.510709e+03 2.492830e-06
-1.508873e+03 2.292537e-06
-1.507036e+03 2.049715e-06
-1.505199e+03 1.780970e-06
-1.503362e+03 1.505413e-06
-1.501526e+03 1.243051e-06
-1.499689e+03 1.013082e-06
-1.497852e+03 8.322434e-07
-1.496015e+03 7.133757e-07
-1.494179e+03 6.643157e-07
-1.492342e+03 6.872335e-07
-1.490505e+03 7.784656e-07
-1.488669e+03 9.288616e-07
-1.486832e+03 1.124611e-06
-1.484995e+03 1.348474e-06
-1.483158e+03 1.581304e-06
-1.481322e+03 1.803719e-06
-1.479485e+03 1.997776e-06
-1.477648e+03 2.148490e-06
-1.475811e+03 2.245067e-06
-1.473975e+03 2.281741e-06
-1.472138e+03 2.258143e-06
-1.470301e+03 2.179178e-06
-1.468465e+03 2.054430e-06
-1.466628e+03 1.897154e-06
-1.464791e+03 1.722964e-06
-1.462954e+03 1.548344e-06
-1.461118e+03 1.389115e-06
-1.459281e+03 1.259019e-06
-1.457444e+03 1.168543e-06
-1.455607e+03 1.124095e-06
-1.453771e+03 1.127590e-06
-1.451934e+03 1.176500e-06
-1.450097e+03 1.264330e-06
-1.448261e+03 1.381473e-06
-1.446424e+03 1.516353e-06
-1.444587e+03 1.656728e-06
-1.442750e+03 1.791023e-06
-1.440914e+03 1.909555e-06
-1.439077e+03 2.005523e-06
-1.437240e+03 2.075669e-06
-1.435403e+03 2.120538e-06
-1.433567e+03 2.144318e-06
-1.431730e+03 2.154276e-06
-1.429893e+03 2.159859e-06
-1.428056e+03 2.171536e-06
-1.426220e+03 2.199527e-06
-1.424383e+03 2.252534e-06
-1.422546e+03 2.336620e-06
-1.420710e+03 2.454350e-06
-1.418873e+03 2.604287e-06
-1.417036e+03 2.780915e-06
-1.415199e+03 2.974986e-06
-1.413363e+03 3.174272e-06
-1.411526e+03 3.364663e-06
-1.409689e+03 3.531483e-06
-1.407852e+03 3.660917e-06
-1.406016e+03 3.741394e-06
-1.404179e+03 3.764790e-06
-1.402342e+03 3.727324e-06
-1.400506e+03 3.630060e-06
-1.398669e+03 3.478940e-06
-1.396832e+03 3.284364e-06
-1.394995e+03 3.060314e-06
-1.393159e+03 2.823143e-06
-1.391322e+03 2.590096e-06
-1.389485e+03 2.377755e-06
-1.387648e+03 2.200509e-06
-1.385812e+03 2.069242e-06
-1.383975e+03 1.990346e-06
-1.382138e+03 1.965163e-06
-1.380302e+03 1.989926e-06
-1.378465e+03 2.056205e-06
-1.376628e+03 2.151805e-06
-1.374791e+03 2.262064e-06
-1.372955e+03 2.371389e-06
-1.371118e+03 2.464903e-06
-1.369281e+03 2.530035e-06
-1.367444e+03 2.557878e-06
-1.365608e+03 2.544191e-06
-1.363771e+03 2.489922e-06
-1.361934e+03 2.401205e-06
-1.360098e+03 2.288803e-06
-1.358261e+03 2.167051e-06
-1.356424e+03 2.052397e-06
-1.354587e+03 1.961669e-06
-1.352751e+03 1.910249e-06
-1.350914e+03 1.910314e-06
-1.349077e+03 1.969360e-06
-1.347240e+03 2.089121e-06
-1.345404e+03 2.265049e-06
-1.343567e+03 2.486389e-06
-1.341730e+03 2.736891e-06
-1.339894e+03 2.996090e-06
-1.338057e+03 3.241061e-06
-1.336220e+03 3.448498e-06
-1.334383e+03 3.596914e-06
-1.332547e+03 3.668769e-06
-1.330710e+03 3.652313e-06
-1.328873e+03 3.542959e-06
-1.327036e+03 3.344048e-06
-1.325200e+03 3.066905e-06
-1.323363e+03 2.730159e-06
-1.321526e+03 2.358384e-06
-1.319690e+03 1.980140e-06
-1.317853e+03 1.625602e-06
-1.316016e+03 1.323972e-06
-1.314179e+03 1.100904e-06
-1.312343e+03 9.761847e-07
-1.310506e+03 9.618854e-07
-1.308669e+03 1.061156e-06
-1.306832e+03 1.267793e-06
-1.304996e+03 1.566633e-06
-1.303159e+03 1.934742e-06
-1.301322e+03 2.343328e-06
-1.299485e+03 2.760184e-06
-1.297649e+03 3.152483e-06
-1.295812e+03 3.489648e-06
-1.293975e+03 3.746056e-06
-1.292139e+03 3.903319e-06
-1.290302e+03 3.951946e-06
-1.288465e+03 3.892203e-06
-1.286628e+03 3.734115e-06
-1.284792e+03 3.496579e-06
-1.282955e+03 3.205669e-06
-1.281118e+03 2.892287e-06
-1.279281e+03 2.589353e-06
-1.277445e+03 2.328807e-06
-1.275608e+03 2.138668e-06
-1.273771e+03 2.040452e-06
-1.271935e+03 2.047151e-06
-1.270098e+03 2.161993e-06
-1.268261e+03 2.378076e-06
-1.266424e+03 2.678929e-06
-1.264588e+03 3.039946e-06
-1.262751e+03 3.430567e-06
-1.260914e+03 3.817013e-06
-1.259077e+03 4.165315e-06
-1.257241e+03 4.444385e-06
-1.255404e+03 4.628810e-06
-1.253567e+03 4.701154e-06
-1.251731e+03 4.653522e-06
-1.249894e+03 4.488261e-06
-1.248057e+03 4.217729e-06
-1.246220e+03 3.863145e-06
-1.244384e+03 3.452641e-06
-1.242547e+03 3.018683e-06
-1.240710e+03 2.595108e-06
-1.238873e+03 2.214050e-06
-1.237037e+03 1.903038e-06
-1.235200e+03 1.682541e-06
-1.233363e+03 1.564183e-06
-1.231527e+03 1.549792e-06
-1.229690e+03 1.631374e-06
-1.227853e+03 1.792001e-06
-1.226016e+03 2.007542e-06
-1.224180e+03 2.249051e-06
-1.222343e+03 2.485600e-06
-1.220506e+03 2.687275e-06
-1.218669e+03 2.828052e-06
-1.216833e+03 2.888286e-06
-1.214996e+03 2.856561e-06
-1.213159e+03 2.730745e-06
-1.211323e+03 2.518124e-06
-1.209486e+03 2.234641e-06
-1.207649e+03 1.903276e-06
-1.205812e+03 1.551761e-06
-1.203976e+03 1.209827e-06
-1.202139e+03 9.062803e-07
-1.200302e+03 6.661623e-07
-1.198465e+03 5.083069e-07
-1.196629e+03 4.435136e-07
-1.194792e+03 4.735302e-07
-1.192955e+03 5.909449e-07
-1.191119e+03 7.800046e-07
-1.189282e+03 1.018281e-06
-1.187445e+03 1.279021e-06
-1.185608e+03 1.533957e-06
-1.183772e+03 1.756285e-06
-1.181935e+03 1.923525e-06
-1.180098e+03 2.019960e-06
-1.178261e+03 2.038408e-06
-1.176425e+03 1.981131e-06
-1.174588e+03 1.859771e-06
-1.172751e+03 1.694310e-06
-1.170914e+03 1.511127e-06
-1.169078e+03 1.340330e-06
-1.167241e+03 1.212629e-06
-1.165404e+03 1.156034e-06
-1.163568e+03 1.192718e-06
-1.161731e+03 1.336376e-06
-1.159894e+03 1.590337e-06
-1.158057e+03 1.946664e-06
-1.156221e+03 2.386360e-06
-1.154384e+03 2.880693e-06
-1.152547e+03 3.393558e-06
-1.150710e+03 3.884672e-06
-1.148874e+03 4.313340e-06
-1.147037e+03 4.642418e-06
-1.145200e+03 4.842132e-06
-1.143364e+03 4.893353e-06
-1.141527e+03 4.790010e-06
-1.139690e+03 4.540374e-06
-1.137853e+03 4.167048e-06
-1.136017e+03 3.705616e-06
-1.134180e+03 3.202034e-06
-1.132343e+03 2.708942e-06
-1.130506e+03 2.281221e-06
-1.128670e+03 1.971152e-06
-1.126833e+03 1.823622e-06
-1.124996e+03 1.871806e-06
-1.123160e+03 2.133730e-06
-1.121323e+03 2.610045e-06
-1.119486e+03 3.283257e-06
-1.117649e+03 4.118510e-06
-1.115813e+03 5.065904e-06
-1.113976e+03 6.064174e-06
-1.112139e+03 7.045439e-06
-1.110302e+03 7.940636e-06
-1.108466e+03 8.685172e-06
-1.106629e+03 9.224301e-06
-1.104792e+03 9.517763e-06
-1.102956e+03 9.543271e-06
-1.101119e+03 9.298519e-06
-1.099282e+03 8.801524e-06
-1.097445e+03 8.089261e-06
-1.095609e+03 7.214689e-06
-1.093772e+03 6.242407e-06
-1.091935e+03 5.243331e-06
-1.090098e+03 4.288823e-06
-1.088262e+03 3.444807e-06
-1.086425e+03 2.766367e-06
-1.084588e+03 2.293313e-06
-1.082752e+03 2.047089e-06
-1.080915e+03 2.029311e-06
-1.079078e+03 2.222045e-06
-1.077241e+03 2.589796e-06
-1.075405e+03 3.083036e-06
-1.073568e+03 3.642933e-06
-1.071731e+03 4.206856e-06
-1.069894e+03 4.714165e-06
-1.068058e+03 5.111741e-06
-1.066221e+03 5.358774e-06
-1.064384e+03 5.430360e-06
-1.062547e+03 5.319594e-06
-1.060711e+03 5.037964e-06
-1.058874e+03 4.614030e-06
-1.057037e+03 4.090499e-06
-1.055201e+03 3.519989e-06
-1.053364e+03 2.959871e-06
-1.051527e+03 2.466677e-06
-1.049690e+03 2.090596e-06
-1.047854e+03 1.870585e-06
-1.046017e+03 1.830535e-06
-1.044180e+03 1.976881e-06
-1.042343e+03 2.297865e-06
-1.040507e+03 2.764532e-06
-1.038670e+03 3.333382e-06
-1.036833e+03 3.950415e-06
-1.034997e+03 4.556214e-06
-1.033160e+03 5.091582e-06
-1.031323e+03 5.503199e-06
-1.029486e+03 5.748784e-06
-1.027650e+03 5.801249e-06
-1.025813e+03 5.651470e-06
-1.023976e+03 5.309378e-06
-1.022139e+03 4.803283e-06
-1.020303e+03 4.177458e-06
-1.018466e+03 3.488202e-06
-1.016629e+03 2.798747e-06
-1.014793e+03 2.173463e-06
-1.012956e+03 1.671910e-06
-1.011119e+03 1.343277e-06
-1.009282e+03 1.221745e-06
-1.007446e+03 1.323202e-06
-1.005609e+03 1.643632e-06
-1.003772e+03 2.159334e-06
-1.001935e+03 2.828971e-06
-1.000099e+03 3.597262e-06
-9.982620e+02 4.399982e-06
-9.964253e+02 5.169827e-06
-9.945885e+02 5.842577e-06
-9.927518e+02 6.363011e-06
-9.909151e+02 6.689993e-06
-9.890784e+02 6.800280e-06
-9.872416e+02 6.690662e-06
-9.854049e+02 6.378239e-06
-9.835682e+02 5.898802e-06
-9.817314e+02 5.303456e-06
-9.798947e+02 4.653788e-06
-9.780580e+02 4.016040e-06
-9.762213e+02 3.454814e-06
-9.743845e+02 3.026919e-06
-9.725478e+02 2.775916e-06
-9.707111e+02 2.727903e-06
-9.688743e+02 2.888930e-06
-9.670376e+02 3.244304e-06
-9.652009e+02 3.759862e-06
-9.633642e+02 4.385104e-06
-9.615274e+02 5.057898e-06
-9.596907e+02 5.710335e-06
-9.578540e+02 6.275168e-06
-9.560172e+02 6.692249e-06
-9.541805e+02 6.914338e-06
-9.523438e+02 6.911738e-06
-9.505071e+02 6.675304e-06
-9.486703e+02 6.217518e-06
-9.468336e+02 5.571527e-06
-9.449969e+02 4.788205e-06
-9.431601e+02 3.931504e-06
-9.413234e+02 3.072530e-06
-9.394867e+02 2.282876e-06
-9.376500e+02 1.627869e-06
-9.358132e+02 1.160349e-06
-9.339765e+02 9.155957e-07
-9.321398e+02 9.078987e-07
-9.303030e+02 1.129116e-06
-9.284663e+02 1.549386e-06
-9.266296e+02 2.119948e-06
-9.247929e+02 2.777843e-06
-9.229561e+02 3.452046e-06
-9.211194e+02 4.070491e-06
-9.192827e+02 4.567303e-06
-9.174459e+02 4.889566e-06
-9.156092e+02 5.002953e-06
-9.137725e+02 4.895668e-06
-9.119358e+02 4.580284e-06
-9.100990e+02 4.093260e-06
-9.082623e+02 3.492134e-06
-9.064256e+02 2.850605e-06
-9.045888e+02 2.251938e-06
-9.027521e+02 1.781252e-06
-9.009154e+02 1.517421e-06
-8.990787e+02 1.525319e-06
-8.972419e+02 1.849161e-06
-8.954052e+02 2.507569e-06
-8.935685e+02 3.490879e-06
-8.917317e+02 4.760983e-06
-8.898950e+02 6.253781e-06
-8.880583e+02 7.884067e-06
-8.862216e+02 9.552474e-06
-8.843848e+02 1.115386e-05
-8.825481e+02 1.258641e-05
-8.807114e+02 1.376068e-05
-8.788746e+02 1.460765e-05
-8.770379e+02 1.508517e-05
-8.752012e+02 1.518208e-05
-8.733645e+02 1.491965e-05
-8.715277e+02 1.435016e-05
-8.696910e+02 1.355259e-05
-8.678543e+02 1.262598e-05
-8.660175e+02 1.168079e-05
-8.641808e+02 1.082911e-05
-8.623441e+02 1.017463e-05
-8.605074e+02 9.803157e-06
-8.586706e+02 9.774609e-06
-8.568339e+02 1.011718e-05
-8.549972e+02 1.082430e-05
-8.531604e+02 1.185455e-05
-8.513237e+02 1.313482e-05
-8.494870e+02 1.456618e-05
-8.476503e+02 1.603224e-05
-8.458135e+02 1.740904e-05
-8.439768e+02 1.857587e-05
-8.421401e+02 1.942587e-05
-8.403033e+02 1.987550e-05
-8.384666e+02 1.987211e-05
-8.366299e+02 1.939892e-05
-8.347932e+02 1.847686e-05
-8.329564e+02 1.716308e-05
-8.311197e+02 1.554648e-05
-8.292830e+02 1.374021e-05
-8.274462e+02 1.187223e-05
-8.256095e+02 1.007440e-05
-8.237728e+02 8.471307e-06
-8.219361e+02 7.169611e-06
-8.200993e+02 6.249003e-06
-8.182626e+02 5.755499e-06
-8.164259e+02 5.697679e-06
-8.145891e+02 6.046214e-06
-8.127524e+02 6.736724e-06
-8.109157e+02 7.675719e-06
-8.090790e+02 8.749096e-06
-8.072422e+02 9.832438e-06
-8.054055e+02 1.080222e-05
-8.035688e+02 1.154688e-05
-8.017320e+02 1.197688e-05
-7.998953e+02 1.203271e-05
-7.980586e+02 1.169025e-05
-7.962219e+02 1.096302e-05
-7.943851e+02 9.900957e-06
-7.925484e+02 8.586110e-06
-7.907117e+02 7.125332e-06
-7.888749e+02 5.640857e-06
-7.870382e+02 4.259475e-06
-7.852015e+02 3.101303e-06
-7.833648e+02 2.269142e-06
-7.815280e+02 1.839360e-06
-7.796913e+02 1.855092e-06
-7.778546e+02 2.322361e-06
-7.760178e+02 3.209445e-06
-7.741811e+02 4.449532e-06
-7.723444e+02 5.946421e-06
-7.705077e+02 7.582750e-06
-7.686709e+02 9.230015e-06
-7.668342e+02 1.075950e-05
-7.649975e+02 1.205314e-05
-7.631607e+02 1.301343e-05
-7.613240e+02 1.357138e-05
-7.594873e+02 1.369208e-05
-7.576505e+02 1.337715e-05
-7.558138e+02 1.266415e-05
-7.539771e+02 1.162281e-05
-7.521404e+02 1.034866e-05
-7.503036e+02 8.954524e-06
-7.484669e+02 7.560689e-06
-7.466302e+02 6.284646e-06
-7.447934e+02 5.231280e-06
-7.429567e+02 4.484370e-06
-7.411200e+02 4.100108e-06
-7.392833e+02 4.103157e-06
-7.374465e+02 4.485535e-06
-7.356098e+02 5.208358e-06
-7.337731e+02 6.206202e-06
-7.319363e+02 7.393644e-06
-7.300996e+02 8.673332e-06
-7.282629e+02 9.944835e-06
-7.264262e+02 1.111346e-05
-7.245894e+02 1.209822e-05
-7.227527e+02 1.283839e-05
-7.209160e+02 1.329786e-05
-7.190792e+02 1.346732e-05
-7.172425e+02 1.336380e-05
-7.154058e+02 1.302793e-05
-7.135691e+02 1.251922e-05
-7.117323e+02 1.190976e-05
-7.098956e+02 1.127704e-05
-7.080589e+02 1.069669e-05
-7.062221e+02 1.023555e-05
-7.043854e+02 9.946008e-06
-7.025487e+02 9.861792e-06
-7.007120e+02 9.995771e-06
-6.988752e+02 1.033974e-05
-6.970385e+02 1.086617e-05
-6.952018e+02 1.153168e-05
-6.933650e+02 1.228179e-05
-6.915283e+02 1.305644e-05
-6.896916e+02 1.379574e-05
-6.878549e+02 1.444535e-05
-6.860181e+02 1.496096e-05
-6.841814e+02 1.531161e-05
-6.823447e+02 1.548135e-05
-6.805079e+02 1.546947e-05
-6.786712e+02 1.528908e-05
-6.768345e+02 1.496448e-05
-6.749978e+02 1.452758e-05
-6.731610e+02 1.401385e-05
-6.713243e+02 1.345824e-05
-6.694876e+02 1.289152e-05
-6.676508e+02 1.233746e-05
-6.658141e+02 1.181110e-05
-6.639774e+02 1.131824e-05
-6.621407e+02 1.085619e-05
-6.603039e+02 1.041556e-05
-6.584672e+02 9.982917e-06
-6.566305e+02 9.543859e-06
-6.547937e+02 9.086153e-06
-6.529570e+02 8.602505e-06
-6.511203e+02 8.092617e-06
-6.492836e+02 7.564234e-06
-6.474468e+02 7.033067e-06
-6.456101e+02 6.521543e-06
-6.437734e+02 6.056545e-06
-6.419366e+02 5.666382e-06
-6.400999e+02 5.377360e-06
-6.382632e+02 5.210370e-06
-6.364265e+02 5.177931e-06
-6.345897e+02 5.282069e-06
-6.327530e+02 5.513361e-06
-6.309163e+02 5.851312e-06
-6.290795e+02 6.266092e-06
-6.272428e+02 6.721527e-06
-6.254061e+02 7.179041e-06
-6.235694e+02 7.602143e-06
-6.217326e+02 7.960976e-06
-6.198959e+02 8.236381e-06
-6.180592e+02 8.422972e-06
-6.162224e+02 8.530800e-06
-6.143857e+02 8.585313e-06
-6.125490e+02 8.625482e-06
-6.107123e+02 8.700181e-06
-6.088755e+02 8.863097e-06
-6.070388e+02 9.166614e-06
-6.052021e+02 9.655289e-06
-6.033653e+02 1.035959e-05
-6.015286e+02 1.129061e-05
-5.996919e+02 1.243639e-05
-5.978552e+02 1.376040e-05
-5.960184e+02 1.520251e-05
-5.941817e+02 1.668244e-05
-5.923450e+02 1.810576e-05
-5.905082e+02 1.937174e-05
-5.886715e+02 2.038258e-05
-5.868348e+02 2.105318e-05
-5.849981e+02 2.132035e-05
-5.831613e+02 2.115075e-05
-5.813246e+02 2.054641e-05
-5.794879e+02 1.954740e-05
-5.776511e+02 1.823088e-05
-5.758144e+02 1.670674e-05
-5.739777e+02 1.510962e-05
-5.721410e+02 1.358821e-05
-5.703042e+02 1.229241e-05
-5.684675e+02 1.135962e-05
-5.666308e+02 1.090122e-05
-5.647940e+02 1.099078e-05
-5.629573e+02 1.165494e-05
-5.611206e+02 1.286818e-05
-5.592839e+02 1.455209e-05
-5.574471e+02 1.657949e-05
-5.556104e+02 1.878336e-05
-5.537737e+02 2.096987e-05
-5.519369e+02 2.293470e-05
-5.501002e+02 2.448123e-05
-5.482635e+02 2.543905e-05
-5.464268e+02 2.568115e-05
-5.445900e+02 2.513813e-05
-5.427533e+02 2.380790e-05
-5.409166e+02 2.175998e-05
-5.390798e+02 1.913350e-05
-5.372431e+02 1.612891e-05
-5.354064e+02 1.299377e-05
-5.335697e+02 1.000363e-05
-5.317329e+02 7.439471e-06
-5.298962e+02 5.563494e-06
-5.280595e+02 4.595404e-06
-5.262227e+02 4.691197e-06
-5.243860e+02 5.926498e-06
-5.225493e+02 8.286052e-06
-5.207126e+02 1.166056e-05
-5.188758e+02 1.585145e-05
-5.170391e+02 2.058342e-05
-5.152024e+02 2.552405e-05
-5.133656e+02 3.030903e-05
-5.115289e+02 3.457103e-05
-5.096922e+02 3.796991e-05
-5.078555e+02 4.022168e-05
-5.060187e+02 4.112383e-05
-5.041820e+02 4.057463e-05
-5.023453e+02 3.858463e-05
-5.005085e+02 3.527932e-05
-4.986718e+02 3.089218e-05
-4.968351e+02 2.574879e-05
-4.949984e+02 2.024281e-05
-4.931616e+02 1.480591e-05
-4.913249e+02 9.873866e-06
-4.894882e+02 5.851597e-06
-4.876514e+02 3.080145e-06
-4.858147e+02 1.808259e-06
-4.839780e+02 2.171110e-06
-4.821413e+02 4.177992e-06
-4.803045e+02 7.710174e-06
-4.784678e+02 1.252920e-05
-4.766311e+02 1.829510e-05
-4.747943e+02 2.459301e-05
-4.729576e+02 3.096621e-05
-4.711209e+02 3.695268e-05
-4.692842e+02 4.212234e-05
-4.674474e+02 4.611166e-05
-4.656107e+02 4.865289e-05
-4.637740e+02 4.959534e-05
-4.619372e+02 4.891691e-05
-4.601005e+02 4.672489e-05
-4.582638e+02 4.324596e-05
-4.564271e+02 3.880614e-05
-4.545903e+02 3.380250e-05
-4.527536e+02 2.866905e-05
-4.509169e+02 2.383956e-05
-4.490801e+02 1.971067e-05
-4.472434e+02 1.660842e-05
-4.454067e+02 1.476094e-05
-4.435700e+02 1.427985e-05
-4.417332e+02 1.515176e-05
-4.398965e+02 1.724070e-05
-4.380598e+02 2.030119e-05
-4.362230e+02 2.400089e-05
-4.343863e+02 2.795064e-05
-4.325496e+02 3.173954e-05
-4.307129e+02 3.497174e-05
-4.288761e+02 3.730191e-05
-4.270394e+02 3.846627e-05
-4.252027e+02 3.830638e-05
-4.233659e+02 3.678380e-05
-4.215292e+02 3.398416e-05
-4.196925e+02 3.011047e-05
-4.178558e+02 2.546613e-05
-4.160190e+02 2.042917e-05
-4.141823e+02 1.541999e-05
-4.123456e+02 1.086532e-05
-4.105088e+02 7.161574e-06
-4.086721e+02 4.640729e-06
-4.068354e+02 3.541618e-06
-4.049987e+02 3.989149e-06
-4.031619e+02 5.983148e-06
-4.013252e+02 9.397767e-06
-3.994885e+02 1.399147e-05
-3.976517e+02 1.942668e-05
-3.958150e+02 2.529744e-05
-3.939783e+02 3.116262e-05
-3.921416e+02 3.658194e-05
-3.903048e+02 4.115174e-05
-3.884681e+02 4.453753e-05
-3.866314e+02 4.650057e-05
-3.847946e+02 4.691657e-05
-3.829579e+02 4.578471e-05
-3.811212e+02 4.322679e-05
-3.792845e+02 3.947629e-05
-3.774477e+02 3.485873e-05
-3.756110e+02 2.976485e-05
-3.737743e+02 2.461907e-05
-3.719375e+02 1.984568e-05
-3.701008e+02 1.583571e-05
-3.682641e+02 1.291696e-05
-3.664274e+02 1.132959e-05
-3.645906e+02 1.120902e-05
-3.627539e+02 1.257732e-05
-3.609172e+02 1.534345e-05
-3.590804e+02 1.931228e-05
-3.572437e+02 2.420112e-05
-3.554070e+02 2.966258e-05
-3.535703e+02 3.531155e-05
-3.517335e+02 4.075430e-05
-3.498968e+02 4.561738e-05
-3.480601e+02 4.957420e-05
-3.462233e+02 5.236752e-05
-3.443866e+02 5.382627e-05
-3.425499e+02 5.387586e-05
-3.407132e+02 5.254159e-05
-3.388764e+02 4.994502e-05
-3.370397e+02 4.629412e-05
-3.352030e+02 4.186799e-05
-3.333662e+02 3.699739e-05
-3.315295e+02 3.204256e-05
-3.296928e+02 2.736974e-05
-3.278561e+02 2.332787e-05
-3.260193e+02 2.022677e-05
-3.241826e+02 1.831798e-05
-3.223459e+02 1.777920e-05
-3.205091e+02 1.870296e-05
-3.186724e+02 2.109012e-05
-3.168357e+02 2.484837e-05
-3.149990e+02 2.979583e-05
-3.131622e+02 3.566965e-05
-3.113255e+02 4.213930e-05
-3.094888e+02 4.882413e-05
-3.076520e+02 5.531451e-05
-3.058153e+02 6.119577e-05
-3.039786e+02 6.607399e-05
-3.021419e+02 6.960224e-05
-3.003051e+02 7.150608e-05
-2.984684e+02 7.160662e-05
-2.966317e+02 6.983950e-05
-2.947949e+02 6.626827e-05
-2.929582e+02 6.109044e-05
-2.911215e+02 5.463519e-05
-2.892848e+02 4.735166e-05
-2.874480e+02 3.978769e-05
-2.856113e+02 3.255925e-05
-2.837746e+02 2.631194e-05
-2.819378e+02 2.167613e-05
-2.801011e+02 1.921888e-05
-2.782644e+02 1.939549e-05
-2.764277e+02 2.250480e-05
-2.745909e+02 2.865199e-05
-2.727542e+02 3.772267e-05
-2.709175e+02 4.937161e-05
-2.690807e+02 6.302863e-05
-2.672440e+02 7.792277e-05
-2.654073e+02 9.312493e-05
-2.635706e+02 1.076071e-04
-2.617338e+02 1.203151e-04
-2.598971e+02 1.302501e-04
-2.580604e+02 1.365531e-04
-2.562236e+02 1.385850e-04
-2.543869e+02 1.359970e-04
-2.525502e+02 1.287816e-04
-2.507135e+02 1.173015e-04
-2.488767e+02 1.022893e-04
-2.470400e+02 8.481756e-05
-2.452033e+02 6.623795e-05
-2.433665e+02 4.809252e-05
-2.415298e+02 3.200246e-05
-2.396931e+02 1.954155e-05
-2.378564e+02 1.210414e-05
-2.360196e+02 1.077801e-05
-2.341829e+02 1.623365e-05
-2.323462e+02 2.864012e-05
-2.305094e+02 4.761687e-05
-2.286727e+02 7.222811e-05
-2.268360e+02 1.010231e-04
-2.249993e+02 1.321225e-04
-2.231625e+02 1.633461e-04
-2.213258e+02 1.923743e-04
-2.194891e+02 2.169319e-04
-2.176523e+02 2.349799e-04
-2.158156e+02 2.448991e-04
-2.139789e+02 2.456502e-04
-2.121422e+02 2.368945e-04
-2.103054e+02 2.190633e-04
-2.084687e+02 1.933654e-04
-2.066320e+02 1.617305e-04
-2.047952e+02 1.266877e-04
-2.029585e+02 9.118630e-05
-2.011218e+02 5.837102e-05
-1.992851e+02 3.132848e-05
-1.974483e+02 1.282445e-05
-1.956116e+02 5.054332e-06
-1.937749e+02 9.429084e-06
-1.919381e+02 2.641671e-05
-1.901014e+02 5.545612e-05
-1.882647e+02 9.495460e-05
-1.864280e+02 1.423735e-04
-1.845912e+02 1.943990e-04
-1.827545e+02 2.471884e-04
-1.809178e+02 2.966734e-04
-1.790810e+02 3.388967e-04
-1.772443e+02 3.703565e-04
-1.754076e+02 3.883256e-04
-1.735709e+02 3.911192e-04
-1.717341e+02 3.782842e-04
-1.698974e+02 3.506885e-04
-1.680607e+02 3.105000e-04
-1.662239e+02 2.610499e-04
-1.643872e+02 2.065876e-04
-1.625505e+02 1.519441e-04
-1.607138e+02 1.021288e-04
-1.588770e+02 6.189277e-05
-1.570403e+02 3.529674e-05
-1.552036e+02 2.532078e-05
-1.533668e+02 3.355477e-05
-1.515301e+02 6.000022e-05
-1.496934e+02 1.030070e-04
-1.478567e+02 1.593571e-04
-1.460199e+02 2.244953e-04
-1.441832e+02 2.928925e-04
-1.423465e+02 3.585148e-04
-1.405097e+02 4.153620e-04
-1.386730e+02 4.580272e-04
-1.368363e+02 4.822296e-04
-1.349996e+02 4.852680e-04
-1.331628e+02 4.663498e-04
-1.313261e+02 4.267585e-04
-1.294894e+02 3.698359e-04
-1.276526e+02 3.007697e-04
-1.258159e+02 2.261986e-04
-1.239792e+02 1.536590e-04
-1.221425e+02 9.092087e-05
-1.203057e+02 4.526577e-05
-1.184690e+02 2.277607e-05
-1.166323e+02 2.770168e-05
-1.147955e+02 6.197056e-05
-1.129588e+02 1.248980e-04
-1.111221e+02 2.131344e-04
-1.092854e+02 3.208701e-04
-1.074486e+02 4.402915e-04
-1.056119e+02 5.622584e-04
-1.037752e+02 6.771456e-04
-1.019384e+02 7.757739e-04
-1.001017e+02 8.503381e-04
-9.826498e+01 8.952333e-04
-9.642825e+01 9.076839e-04
-9.459152e+01 8.880899e-04
-9.275479e+01 8.400298e-04
-9.091807e+01 7.698903e-04
-8.908134e+01 6.861309e-04
-8.724461e+01 5.982365e-04
-8.540788e+01 5.154552e-04
-8.357115e+01 4.454578e-04
-8.173442e+01 3.930944e-04
-7.989769e+01 3.594428e-04
-7.806097e+01 3.413546e-04
-7.622424e+01 3.316973e-04
-7.438751e+01 3.204623e-04
-7.255078e+01 2.968643e-04
-7.071405e+01 2.524936e-04
-6.887732e+01 1.855031e-04
-6.704059e+01 1.057253e-04
-6.520387e+01 4.051621e-05
-6.336714e+01 4.103207e-05
-6.153041e+01 1.885595e-04
-5.969368e+01 6.004478e-04
-5.785695e+01 1.435147e-03
-5.602022e+01 2.895835e-03
-5.418349e+01 5.232125e-03
-5.234677e+01 8.739408e-03
-5.051004e+01 1.375544e-02
-4.867331e+01 2.065397e-02
-4.683658e+01 2.983516e-02
-4.499985e+01 4.171313e-02
-4.316312e+01 5.670056e-02
-4.132639e+01 7.519095e-02
-3.948967e+01 9.753927e-02
-3.765294e+01 1.240414e-01
-3.581621e+01 1.549139e-01
-3.397948e+01 1.902740e-01
-3.214275e+01 2.301226e-01
-3.030602e+01 2.743293e-01
-2.846929e+01 3.226219e-01
-2.663256e+01 3.745808e-01
-2.479584e+01 4.296382e-01
-2.295911e+01 4.870840e-01
-2.112238e+01 5.460775e-01
-1.928565e+01 6.056644e-01
-1.744892e+01 6.648001e-01
-1.561219e+01 7.223777e-01
-1.377546e+01 7.772596e-01
-1.193874e+01 8.283117e-01
-1.010201e+01 8.744397e-01
-8.265279e+00 9.146245e-01
-6.428550e+00 9.479564e-01
-4.591822e+00 9.736661e-01
-2.755093e+00 9.911519e-01
-9.183643e-01 1.000000e+00
9.183643e-01 1.000000e+00
2.755093e+00 9.911519e-01
4.591822e+00 9.736661e-01
6.428550e+00 9.479564e-01
8.265279e+00 9.146245e-01
1.010201e+01 8.744397e-01
1.193874e+01 8.283117e-01
1.377546e+01 7.772596e-01
1.561219e+01 7.223777e-01
1.744892e+01 6.648001e-01
1.928565e+01 6.056644e-01
2.112238e+01 5.460775e-01
2.295911e+01 4.870840e-01
2.479584e+01 4.296382e-01
2.663256e+01 3.745808e-01
2.846929e+01 3.226219e-01
3.030602e+01 2.743293e-01
3.214275e+01 2.301226e-01
3.397948e+01 1.902740e-01
3.581621e+01 1.549139e-01
3.765294e+01 1.240414e-01
3.948967e+01 9.753927e-02
4.132639e+01 7.519095e-02
4.316312e+01 5.670056e-02
4.499985e+01 4.171313e-02
4.683658e+01 2.983516e-02
4.867331e+01 2.065397e-02
5.051004e+01 1.375544e-02
5.234677e+01 8.739408e-03
5.418349e+01 5.232125e-03
5.602022e+01 2.895835e-03
5.785695e+01 1.435147e-03
5.969368e+01 6.004478e-04
6.153041e+01 1.885595e-04
6.336714e+01 4.103207e-05
6.520387e+01 4.051621e-05
6.704059e+01 1.057253e-04
6.887732e+01 1.855031e-04
7.071405e+01 2.524936e-04
7.255078e+01 2.968643e-04
7.438751e+01 3.204623e-04
7.622424e+01 3.316973e-04
7.806097e+01 3.413546e-04
7.989769e+01 3.594428e-04
8.173442e+01 3.930944e-04
8.357115e+01 4.454578e-04
8.540788e+01 5.154552e-04
8.724461e+01 5.982365e-04
8.908134e+01 6.861309e-04
9.091807e+01 7.698903e-04
9.275479e+01 8.400298e-04
9.459152e+01 8.880899e-04
9.642825e+01 9.076839e-04
9.826498e+01 8.952333e-04
1.001017e+02 8.503381e-04
1.019384e+02 7.757739e-04
1.037752e+02 6.771456e-04
1.056119e+02 5.622584e-04
1.074486e+02 4.402915e-04
1.092854e+02 3.208701e-04
1.111221e+02 2.131344e-04
1.129588e+02 1.248980e-04
1.147955e+02 6.197056e-05
1.166323e+02 2.770168e-05
1.184690e+02 2.277607e-05
1.203057e+02 4.526577e-05
1.221425e+02 9.092087e-05
1.239792e+02 1.536590e-04
1.258159e+02 2.261986e-04
1.276526e+02 3.007697e-04
1.294894e+02 3.698359e-04
1.313261e+02 4.267585e-04
1.331628e+02 4.663498e-04
1.349996e+02 4.852680e-04
1.368363e+02 4.822296e-04
1.386730e+02 4.580272e-04
1.405097e+02 4.153620e-04
1.423465e+02 3.585148e-04
1.441832e+02 2.928925e-04
1.460199e+02 2.244953e-04
1.478567e+02 1.593571e-04
1.496934e+02 1.030070e-04
1.515301e+02 6.000022e-05
1.533668e+02 3.355477e-05
1.552036e+02 2.532078e-05
1.570403e+02 3.529674e-05
1.588770e+02 6.189277e-05
1.607138e+02 1.021288e-04
1.625505e+02 1.519441e-04
1.643872e+02 2.065876e-04
1.662239e+02 2.610499e-04
1.680607e+02 3.105000e-04
1.698974e+02 3.506885e-04
1.717341e+02 3.782842e-04
1.735709e+02 3.911192e-04
1.754076e+02 3.883256e-04
1.772443e+02 3.703565e-04
1.790810e+02 3.388967e-04
1.809178e+02 2.966734e-04
1.827545e+02 2.471884e-04
1.845912e+02 1.943990e-04
1.864280e+02 1.423735e-04
1.882647e+02 9.495460e-05
1.901014e+02 5.545612e-05
1.919381e+02 2.641671e-05
1.937749e+02 9.429084e-06
1.956116e+02 5.054332e-06
1.974483e+02 1.282445e-05
1.992851e+02 3.132848e-05
2.011218e+02 5.837102e-05
2.029585e+02 9.118630e-05
2.047952e+02 1.266877e-04
2.066320e+02 1.617305e-04
2.084687e+02 1.933654e-04
2.103054e+02 2.190633e-04
2.121422e+02 2.368945e-04
2.139789e+02 2.456502e-04
2.158156e+02 2.448991e-04
2.176523e+02 2.349799e-04
2.194891e+02 2.169319e-04
2.213258e+02 1.923743e-04
2.231625e+02 1.633461e-04
2.249993e+02 1.321225e-04
2.268360e+02 1.010231e-04
2.286727e+02 7.222811e-05
2.305094e+02 4.761687e-05
2.323462e+02 2.864012e-05
2.341829e+02 1.623365e-05
2.360196e+02 1.077801e-05
2.378564e+02 1.210414e-05
2.396931e+02 1.954155e-05
2.415298e+02 3.200246e-05
2.433665e+02 4.809252e-05
2.452033e+02 6.623795e-05
2.470400e+02 8.481756e-05
2.488767e+02 1.022893e-04
2.507135e+02 1.173015e-04
2.525502e+02 1.287816e-04
2.543869e+02 1.359970e-04
2.562236e+02 1.385850e-04
2.580604e+02 1.365531e-04
2.598971e+02 1.302501e-04
2.617338e+02 1.203151e-04
2.635706e+02 1.076071e-04
2.654073e+02 9.312493e-05
2.672440e+02 7.792277e-05
2.690807e+02 6.302863e-05
2.709175e+02 4.937161e-05
2.727542e+02 3.772267e-05
2.745909e+02 2.865199e-05
2.764277e+02 2.250480e-05
2.782644e+02 1.939549e-05
2.801011e+02 1.921888e-05
2.819378e+02 2.167613e-05
2.837746e+02 2.631194e-05
2.856113e+02 3.255925e-05
2.874480e+02 3.978769e-05
2.892848e+02 4.735166e-05
2.911215e+02 5.463519e-05
2.929582e+02 6.109044e-05
2.947949e+02 6.626827e-05
2.966317e+02 6.983950e-05
2.984684e+02 7.160662e-05
3.003051e+02 7.150608e-05
3.021419e+02 6.960224e-05
3.039786e+02 6.607399e-05
3.058153e+02 6.119577e-05
3.076520e+02 5.531451e-05
3.094888e+02 4.882413e-05
3.113255e+02 4.213930e-05
3.131622e+02 3.566965e-05
3.149990e+02 2.979583e-05
3.168357e+02 2.484837e-05
3.186724e+02 2.109012e-05
3.205091e+02 1.870296e-05
3.223459e+02 1.777920e-05
3.241826e+02 1.831798e-05
3.260193e+02 2.022677e-05
3.278561e+02 2.332787e-05
3.296928e+02 2.736974e-05
3.315295e+02 3.204256e-05
3.333662e+02 3.699739e-05
3.352030e+02 4.186799e-05
3.370397e+02 4.629412e-05
3.388764e+02 4.994502e-05
3.407132e+02 5.254159e-05
3.425499e+02 5.387586e-05
3.443866e+02 5.382627e-05
3.462233e+02 5.236752e-05
3.480601e+02 4.957420e-05
3.498968e+02 4.561738e-05
3.517335e+02 4.075430e-05
3.535703e+02 3.531155e-05
3.554070e+02 2.966258e-05
3.572437e+02 2.420112e-05
3.590804e+02 1.931228e-05
3.609172e+02 1.534345e-05
3.627539e+02 1.257732e-05
3.645906e+02 1.120902e-05
3.664274e+02 1.132959e-05
3.682641e+02 1.291696e-05
3.701008e+02 1.583571e-05
3.719375e+02 1.984568e-05
3.737743e+02 2.461907e-05
3.756110e+02 2.976485e-05
3.774477e+02 3.485873e-05
3.792845e+02 3.947629e-05
3.811212e+02 4.322679e-05
3.829579e+02 4.578471e-05
3.847946e+02 4.691657e-05
3.866314e+02 4.650057e-05
3.884681e+02 4.453753e-05
3.903048e+02 4.115174e-05
3.921416e+02 3.658194e-05
3.939783e+02 3.116262e-05
3.958150e+02 2.529744e-05
3.976517e+02 1.942668e-05
3.994885e+02 1.399147e-05
4.013252e+02 9.397767e-06
4.031619e+02 5.983148e-06
4.049987e+02 3.989149e-06
4.068354e+02 3.541618e-06
4.086721e+02 4.640729e-06
4.105088e+02 7.161574e-06
4.123456e+02 1.086532e-05
4.141823e+02 1.541999e-05
4.160190e+02 2.042917e-05
4.178558e+02 2.546613e-05
4.196925e+02 3.011047e-05
4.215292e+02 3.398416e-05
4.233659e+02 3.678380e-05
4.252027e+02 3.830638e-05
4.270394e+02 3.846627e-05
4.288761e+02 3.730191e-05
4.307129e+02 3.497174e-05
4.325496e+02 3.173954e-05
4.343863e+02 2.795064e-05
4.362230e+02 2.400089e-05
4.380598e+02 2.030119e-05
4.398965e+02 1.724070e-05
4.417332e+02 1.515176e-05
4.435700e+02 1.427985e-05
4.454067e+02 1.476094e-05
4.472434e+02 1.660842e-05
4.490801e+02 1.971067e-05
4.509169e+02 2.383956e-05
4.527536e+02 2.866905e-05
4.545903e+02 3.380250e-05
4.564271e+02 3.880614e-05
4.582638e+02 4.324596e-05
4.601005e+02 4.672489e-05
4.619372e+02 4.891691e-05
4.637740e+02 4.959534e-05
4.656107e+02 4.865289e-05
4.674474e+02 4.611166e-05
4.692842e+02 4.212234e-05
4.711209e+02 3.695268e-05
4.729576e+02 3.096621e-05
4.747943e+02 2.459301e-05
4.766311e+02 1.829510e-05
4.784678e+02 1.252920e-05
4.803045e+02 7.710174e-06
4.821413e+02 4.177992e-06
4.839780e+02 2.171110e-06
4.858147e+02 1.808259e-06
4.876514e+02 3.080145e-06
4.894882e+02 5.851597e-06
4.913249e+02 9.873866e-06
4.931616e+02 1.480591e-05
4.949984e+02 2.024281e-05
4.968351e+02 2.574879e-05
4.986718e+02 3.089218e-05
5.005085e+02 3.527932e-05
5.023453e+02 3.858463e-05
5.041820e+02 4.057463e-05
5.060187e+02 4.112383e-05
5.078555e+02 4.022168e-05
5.096922e+02 3.796991e-05
5.115289e+02 3.457103e-05
5.133656e+02 3.030903e-05
5.152024e+02 2.552405e-05
5.170391e+02 2.058342e-05
5.188758e+02 1.585145e-05
5.207126e+02 1.166056e-05
5.225493e+02 8.286052e-06
5.243860e+02 5.926498e-06
5.262227e+02 4.691197e-06
5.280595e+02 4.595404e-06
5.298962e+02 5.563494e-06
5.317329e+02 7.439471e-06
5.335697e+02 1.000363e-05
5.354064e+02 1.299377e-05
5.372431e+02 1.612891e-05
5.390798e+02 1.913350e-05
5.409166e+02 2.175998e-05
5.427533e+02 2.380790e-05
5.445900e+02 2.513813e-05
5.464268e+02 2.568115e-05
5.482635e+02 2.543905e-05
5.501002e+02 2.448123e-05
5.519369e+02 2.293470e-05
5.537737e+02 2.096987e-05
5.556104e+02 1.878336e-05
5.574471e+02 1.657949e-05
5.592839e+02 1.455209e-05
5.611206e+02 1.286818e-05
5.629573e+02 1.165494e-05
5.647940e+02 1.099078e-05
5.666308e+02 1.090122e-05
5.684675e+02 1.135962e-05
5.703042e+02 1.229241e-05
5.721410e+02 1.358821e-05
5.739777e+02 1.510962e-05
5.758144e+02 1.670674e-05
5.776511e+02 1.823088e-05
5.794879e+02 1.954740e-05
5.813246e+02 2.054641e-05
5.831613e+02 2.115075e-05
5.849981e+02 2.132035e-05
5.868348e+02 2.105318e-05
5.886715e+02 2.038258e-05
5.905082e+02 1.937174e-05
5.923450e+02 1.810576e-05
5.941817e+02 1.668244e-05
5.960184e+02 1.520251e-05
5.978552e+02 1.376040e-05
5.996919e+02 1.243639e-05
6.015286e+02 1.129061e-05
6.033653e+02 1.035959e-05
6.052021e+02 9.655289e-06
6.070388e+02 9.166614e-06
6.088755e+02 8.863097e-06
6.107123e+02 8.700181e-06
6.125490e+02 8.625482e-06
6.143857e+02 8.585313e-06
6.162224e+02 8.530800e-06
6.180592e+02 8.422972e-06
6.198959e+02 8.236381e-06
6.217326e+02 7.960976e-06
6.235694e+02 7.602143e-06
6.254061e+02 7.179041e-06
6.272428e+02 6.721527e-06
6.290795e+02 6.266092e-06
6.309163e+02 5.851312e-06
6.327530e+02 5.513361e-06
6.345897e+02 5.282069e-06
6.364265e+02 5.177931e-06
6.382632e+02 5.210370e-06
6.400999e+02 5.377360e-06
6.419366e+02 5.666382e-06
6.437734e+02 6.056545e-06
6.456101e+02 6.521543e-06
6.474468e+02 7.033067e-06
6.492836e+02 7.564234e-06
6.511203e+02 8.092617e-06
6.529570e+02 8.602505e-06
6.547937e+02 9.086153e-06
6.566305e+02 9.543859e-06
6.584672e+02 9.982917e-06
6.603039e+02 1.041556e-05
6.621407e+02 1.085619e-05
6.639774e+02 1.131824e-05
6.658141e+02 1.181110e-05
6.676508e+02 1.233746e-05
6.694876e+02 1.289152e-05
6.713243e+02 1.345824e-05
6.731610e+02 1.401385e-05
6.749978e+02 1.452758e-05
6.768345e+02 1.496448e-05
6.786712e+02 1.528908e-05
6.805079e+02 1.546947e-05
6.823447e+02 1.548135e-05
6.841814e+02 1.531161e-05
6.860181e+02 1.496096e-05
6.878549e+02 1.444535e-05
6.896916e+02 1.379574e-05
6.915283e+02 1.305644e-05
6.933650e+02 1.228179e-05
6.952018e+02 1.153168e-05
6.970385e+02 1.086617e-05
6.988752e+02 1.033974e-05
7.007120e+02 9.995771e-06
7.025487e+02 9.861792e-06
7.043854e+02 9.946008e-06
7.062221e+02 1.023555e-05
7.080589e+02 1.069669e-05
7.098956e+02 1.127704e-05
7.117323e+02 1.190976e-05
7.135691e+02 1.251922e-05
7.154058e+02 1.302793e-05
7.172425e+02 1.336380e-05
7.190792e+02 1.346732e-05
7.209160e+02 1.329786e-05
7.227527e+02 1.283839e-05
7.245894e+02 1.209822e-05
7.264262e+02 1.111346e-05
7.282629e+02 9.944835e-06
7.300996e+02 8.673332e-06
7.319363e+02 7.393644e-06
7.337731e+02 6.206202e-06
7.356098e+02 5.208358e-06
7.374465e+02 4.485535e-06
7.392833e+02 4.103157e-06
7.411200e+02 4.100108e-06
7.429567e+02 4.484370e-06
7.447934e+02 5.231280e-06
7.466302e+02 6.284646e-06
7.484669e+02 7.560689e-06
7.503036e+02 8.954524e-06
7.521404e+02 1.034866e-05
7.539771e+02 1.162281e-05
7.558138e+02 1.266415e-05
7.576505e+02 1.337715e-05
7.594873e+02 1.369208e-05
7.613240e+02 1.357138e-05
7.631607e+02 1.301343e-05
7.649975e+02 1.205314e-05
7.668342e+02 1.075950e-05
7.686709e+02 9.230015e-06
7.705077e+02 7.582750e-06
7.723444e+02 5.946421e-06
7.741811e+02 4.449532e-06
7.760178e+02 3.209445e-06
7.778546e+02 2.322361e-06
7.796913e+02 1.855092e-06
7.815280e+02 1.839360e-06
7.833648e+02 2.269142e-06
7.852015e+02 3.101303e-06
7.870382e+02 4.259475e-06
7.888749e+02 5.640857e-06
7.907117e+02 7.125332e-06
7.925484e+02 8.586110e-06
7.943851e+02 9.900957e-06
7.962219e+02 1.096302e-05
7.980586e+02 1.169025e-05
7.998953e+02 1.203271e-05
8.017320e+02 1.197688e-05
8.035688e+02 1.154688e-05
8.054055e+02 1.080222e-05
8.072422e+02 9.832438e-06
8.090790e+02 8.749096e-06
8.109157e+02 7.675719e-06
8.127524e+02 6.736724e-06
8.145891e+02 6.046214e-06
8.164259e+02 5.697679e-06
8.182626e+02 5.755499e-06
8.200993e+02 6.249003e-06
8.219361e+02 7.169611e-06
8.237728e+02 8.471307e-06
8.256095e+02 1.007440e-05
8.274462e+02 1.187223e-05
8.292830e+02 1.374021e-05
8.311197e+02 1.554648e-05
8.329564e+02 1.716308e-05
8.347932e+02 1.847686e-05
8.366299e+02 1.939892e-05
8.384666e+02 1.987211e-05
8.403033e+02 1.987550e-05
8.421401e+02 1.942587e-05
8.439768e+02 1.857587e-05
8.458135e+02 1.740904e-05
8.476503e+02 1.603224e-05
8.494870e+02 1.456618e-05
8.513237e+02 1.313482e-05
8.531604e+02 1.185455e-05
8.549972e+02 1.082430e-05
8.568339e+02 1.011718e-05
8.586706e+02 9.774609e-06
8.605074e+02 9.803157e-06
8.623441e+02 1.017463e-05
8.641808e+02 1.082911e-05
8.660175e+02 1.168079e-05
8.678543e+02 1.262598e-05
8.696910e+02 1.355259e-05
8.715277e+02 1.435016e-05
8.733645e+02 1.491965e-05
8.752012e+02 1.518208e-05
8.770379e+02 1.508517e-05
8.788746e+02 1.460765e-05
8.807114e+02 1.376068e-05
8.825481e+02 1.258641e-05
8.843848e+02 1.115386e-05
8.862216e+02 9.552474e-06
8.880583e+02 7.884067e-06
8.898950e+02 6.253781e-06
8.917317e+02 4.760983e-06
8.935685e+02 3.490879e-06
8.954052e+02 2.507569e-06
8.972419e+02 1.849161e-06
8.990787e+02 1.525319e-06
9.009154e+02 1.517421e-06
9.027521e+02 1.781252e-06
9.045888e+02 2.251938e-06
9.064256e+02 2.850605e-06
9.082623e+02 3.492134e-06
9.100990e+02 4.093260e-06
9.119358e+02 4.580284e-06
9.137725e+02 4.895668e-06
9.156092e+02 5.002953e-06
9.174459e+02 4.889566e-06
9.192827e+02 4.567303e-06
9.211194e+02 4.070491e-06
9.229561e+02 3.452046e-06
9.247929e+02 2.777843e-06
9.266296e+02 2.119948e-06
9.284663e+02 1.549386e-06
9.303030e+02 1.129116e-06
9.321398e+02 9.078987e-07
9.339765e+02 9.155957e-07
9.358132e+02 1.160349e-06
9.376500e+02 1.627869e-06
9.394867e+02 2.282876e-06
9.413234e+02 3.072530e-06
9.431601e+02 3.931504e-06
9.449969e+02 4.788205e-06
9.468336e+02 5.571527e-06
9.486703e+02 6.217518e-06
9.505071e+02 6.675304e-06
9.523438e+02 6.911738e-06
9.541805e+02 6.914338e-06
9.560172e+02 6.692249e-06
9.578540e+02 6.275168e-06
9.596907e+02 5.710335e-06
9.615274e+02 5.057898e-06
9.633642e+02 4.385104e-06
9.652009e+02 3.759862e-06
9.670376e+02 3.244304e-06
9.688743e+02 2.888930e-06
9.707111e+02 2.727903e-06
9.725478e+02 2.775916e-06
9.743845e+02 3.026919e-06
9.762213e+02 3.454814e-06
9.780580e+02 4.016040e-06
9.798947e+02 4.653788e-06
9.817314e+02 5.303456e-06
9.835682e+02 5.898802e-06
9.854049e+02 6.378239e-06
9.872416e+02 6.690662e-06
9.890784e+02 6.800280e-06
9.909151e+02 6.689993e-06
9.927518e+02 6.363011e-06
9.945885e+02 5.842577e-06
9.964253e+02 5.169827e-06
9.982620e+02 4.399982e-06
1.000099e+03 3.597262e-06
1.001935e+03 2.828971e-06
1.003772e+03 2.159334e-06
1.005609e+03 1.643632e-06
1.007446e+03 1.323202e-06
1.009282e+03 1.221745e-06
1.011119e+03 1.343277e-06
1.012956e+03 1.671910e-06
1.014793e+03 2.173463e-06
1.016629e+03 2.798747e-06
1.018466e+03 3.488202e-06
1.020303e+03 4.177458e-06
1.022139e+03 4.803283e-06
1.023976e+03 5.309378e-06
1.025813e+03 5.651470e-06
1.027650e+03 5.801249e-06
1.029486e+03 5.748784e-06
1.031323e+03 5.503199e-06
1.033160e+03 5.091582e-06
1.034997e+03 4.556214e-06
1.036833e+03 3.950415e-06
1.038670e+03 3.333382e-06
1.040507e+03 2.764532e-06
1.042343e+03 2.297865e-06
1.044180e+03 1.976881e-06
1.046017e+03 1.830535e-06
1.047854e+03 1.870585e-06
1.049690e+03 2.090596e-06
1.051527e+03 2.466677e-06
1.053364e+03 2.959871e-06
1.055201e+03 3.519989e-06
1.057037e+03 4.090499e-06
1.058874e+03 4.614030e-06
1.060711e+03 5.037964e-06
1.062547e+03 5.319594e-06
1.064384e+03 5.430360e-06
1.066221e+03 5.358774e-06
1.068058e+03 5.111741e-06
1.069894e+03 4.714165e-06
1.071731e+03 4.206856e-06
1.073568e+03 3.642933e-06
1.075405e+03 3.083036e-06
1.077241e+03 2.589796e-06
1.079078e+03 2.222045e-06
1.080915e+03 2.029311e-06
1.082752e+03 2.047089e-06
1.084588e+03 2.293313e-06
1.086425e+03 2.766367e-06
1.088262e+03 3.444807e-06
1.090098e+03 4.288823e-06
1.091935e+03 5.243331e-06
1.093772e+03 6.242407e-06
1.095609e+03 7.214689e-06
1.097445e+03 8.089261e-06
1.099282e+03 8.801524e-06
1.101119e+03 9.298519e-06
1.102956e+03 9.543271e-06
1.104792e+03 9.517763e-06
1.106629e+03 9.224301e-06
1.108466e+03 8.685172e-06
1.110302e+03 7.940636e-06
1.112139e+03 7.045439e-06
1.113976e+03 6.064174e-06
1.115813e+03 5.065904e-06
1.117649e+03 4.118510e-06
1.119486e+03 3.283257e-06
1.121323e+03 2.610045e-06
1.123160e+03 2.133730e-06
1.124996e+03 1.871806e-06
1.126833e+03 1.823622e-06
1.128670e+03 1.971152e-06
1.130506e+03 2.281221e-06
1.132343e+03 2.708942e-06
1.134180e+03 3.202034e-06
1.136017e+03 3.705616e-06
1.137853e+03 4.167048e-06
1.139690e+03 4.540374e-06
1.141527e+03 4.790010e-06
1.143364e+03 4.893353e-06
1.145200e+03 4.842132e-06
1.147037e+03 4.642418e-06
1.148874e+03 4.313340e-06
1.150710e+03 3.884672e-06
1.152547e+03 3.393558e-06
1.154384e+03 2.880693e-06
1.156221e+03 2.386360e-06
1.158057e+03 1.946664e-06
1.159894e+03 1.590337e-06
1.161731e+03 1.336376e-06
1.163568e+03 1.192718e-06
1.165404e+03 1.156034e-06
1.167241e+03 1.212629e-06
1.169078e+03 1.340330e-06
1.170914e+03 1.511127e-06
1.172751e+03 1.694310e-06
1.174588e+03 1.859771e-06
1.176425e+03 1.981131e-06
1.178261e+03 2.038408e-06
1.180098e+03 2.019960e-06
1.181935e+03 1.923525e-06
1.183772e+03 1.756285e-06
1.185608e+03 1.533957e-06
1.187445e+03 1.279021e-06
1.189282e+03 1.018281e-06
1.191119e+03 7.800046e-07
1.192955e+03 5.909449e-07
1.194792e+03 4.735302e-07
1.196629e+03 4.435136e-07
1.198465e+03 5.083069e-07
1.200302e+03 6.661623e-07
1.202139e+03 9.062803e-07
1.203976e+03 1.209827e-06
1.205812e+03 1.551761e-06
1.207649e+03 1.903276e-06
1.209486e+03 2.234641e-06
1.211323e+03 2.518124e-06
1.213159e+03 2.730745e-06
1.214996e+03 2.856561e-06
1.216833e+03 2.888286e-06
1.218669e+03 2.828052e-06
1.220506e+03 2.687275e-06
1.222343e+03 2.485600e-06
1.224180e+03 2.249051e-06
1.226016e+03 2.007542e-06
1.227853e+03 1.792001e-06
1.229690e+03 1.631374e-06
1.231527e+03 1.549792e-06
1.233363e+03 1.564183e-06
1.235200e+03 1.682541e-06
1.237037e+03 1.903038e-06
1.238873e+03 2.214050e-06
1.240710e+03 2.595108e-06
1.242547e+03 3.018683e-06
1.244384e+03 3.452641e-06
1.246220e+03 3.863145e-06
1.248057e+03 4.217729e-06
1.249894e+03 4.488261e-06
1.251731e+03 4.653522e-06
1.253567e+03 4.701154e-06
1.255404e+03 4.628810e-06
1.257241e+03 4.444385e-06
1.259077e+03 4.165315e-06
1.260914e+03 3.817013e-06
1.262751e+03 3.430567e-06
1.264588e+03 3.039946e-06
1.266424e+03 2.678929e-06
1.268261e+03 2.378076e-06
1.270098e+03 2.161993e-06
1.271935e+03 2.047151e-06
1.273771e+03 2.040452e-06
1.275608e+03 2.138668e-06
1.277445e+03 2.328807e-06
1.279281e+03 2.589353e-06
1.281118e+03 2.892287e-06
1.282955e+03 3.205669e-06
1.284792e+03 3.496579e-06
1.286628e+03 3.734115e-06
1.288465e+03 3.892203e-06
1.290302e+03 3.951946e-06
1.292139e+03 3.903319e-06
1.293975e+03 3.746056e-06
1.295812e+03 3.489648e-06
1.297649e+03 3.152483e-06
1.299485e+03 2.760184e-06
1.301322e+03 2.343328e-06
1.303159e+03 1.934742e-06
1.304996e+03 1.566633e-06
1.306832e+03 1.267793e-06
1.308669e+03 1.061156e-06
1.310506e+03 9.618854e-07
1.312343e+03 9.761847e-07
1.314179e+03 1.100904e-06
1.316016e+03 1.323972e-06
1.317853e+03 1.625602e-06
1.319690e+03 1.980140e-06
1.321526e+03 2.358384e-06
1.323363e+03 2.730159e-06
1.325200e+03 3.066905e-06
1.327036e+03 3.344048e-06
1.328873e+03 3.542959e-06
1.330710e+03 3.652313e-06
1.332547e+03 3.668769e-06
1.334383e+03 3.596914e-06
1.336220e+03 3.448498e-06
1.338057e+03 3.241061e-06
1.339894e+03 2.996090e-06
1.341730e+03 2.736891e-06
1.343567e+03 2.486389e-06
1.345404e+03 2.265049e-06
1.347240e+03 2.089121e-06
1.349077e+03 1.969360e-06
1.350914e+03 1.910314e-06
1.352751e+03 1.910249e-06
1.354587e+03 1.961669e-06
1.356424e+03 2.052397e-06
1.358261e+03 2.167051e-06
1.360098e+03 2.288803e-06
1.361934e+03 2.401205e-06
1.363771e+03 2.489922e-06
1.365608e+03 2.544191e-06
1.367444e+03 2.557878e-06
1.369281e+03 2.530035e-06
1.371118e+03 2.464903e-06
1.372955e+03 2.371389e-06
1.374791e+03 2.262064e-06
1.376628e+03 2.151805e-06
1.378465e+03 2.056205e-06
1.380302e+03 1.989926e-06
1.382138e+03 1.965163e-06
1.383975e+03 1.990346e-06
1.385812e+03 2.069242e-06
1.387648e+03 2.200509e-06
1.389485e+03 2.377755e-06
1.391322e+03 2.590096e-06
1.393159e+03 2.823143e-06
1.394995e+03 3.060314e-06
1.396832e+03 3.284364e-06
1.398669e+03 3.478940e-06
1.400506e+03 3.630060e-06
1.402342e+03 3.727324e-06
1.404179e+03 3.764790e-06
1.406016e+03 3.741394e-06
1.407852e+03 3.660917e-06
1.409689e+03 3.531483e-06
1.411526e+03 3.364663e-06
1.413363e+03 3.174272e-06
1.415199e+03 2.974986e-06
1.417036e+03 2.780915e-06
1.418873e+03 2.604287e-06
1.420710e+03 2.454350e-06
1.422546e+03 2.336620e-06
1.424383e+03 2.252534e-06
1.426220e+03 2.199527e-06
1.428056e+03 2.171536e-06
1.429893e+03 2.159859e-06
1.431730e+03 2.154276e-06
1.433567e+03 2.144318e-06
1.435403e+03 2.120538e-06
1.437240e+03 2.075669e-06
1.439077e+03 2.005523e-06
1.440914e+03 1.909555e-06
1.442750e+03 1.791023e-06
1.444587e+03 1.656728e-06
1.446424e+03 1.516353e-06
1.448261e+03 1.381473e-06
1.450097e+03 1.264330e-06
1.451934e+03 1.176500e-06
1.453771e+03 1.127590e-06
1.455607e+03 1.124095e-06
1.457444e+03 1.168543e-06
1.459281e+03 1.259019e-06
1.461118e+03 1.389115e-06
1.462954e+03 1.548344e-06
1.464791e+03 1.722964e-06
1.466628e+03 1.897154e-06
1.468465e+03 2.054430e-06
1.470301e+03 2.179178e-06
1.472138e+03 2.258143e-06
1.473975e+03 2.281741e-06
1.475811e+03 2.245067e-06
1.477648e+03 2.148490e-06
1.479485e+03 1.997776e-06
1.481322e+03 1.803719e-06
1.483158e+03 1.581304e-06
1.484995e+03 1.348474e-06
1.486832e+03 1.124611e-06
1.488669e+03 9.288616e-07
1.490505e+03 7.784656e-07
1.492342e+03 6.872335e-07
1.494179e+03 6.643157e-07
1.496015e+03 7.133757e-07
1.497852e+03 8.322434e-07
1.499689e+03 1.013082e-06
1.501526e+03 1.243051e-06
1.503362e+03 1.505413e-06
1.505199e+03 1.780970e-06
1.507036e+03 2.049715e-06
1.508873e+03 2.292537e-06
1.510709e+03 2.492830e-06
1.512546e+03 2.637868e-06
1.514383e+03 2.719808e-06
1.516219e+03 2.736253e-06
1.518056e+03 2.690315e-06
1.519893e+03 2.590191e-06
1.521730e+03 2.448286e-06
1.523566e+03 2.279978e-06
1.525403e+03 2.102139e-06
1.527240e+03 1.931557e-06
1.529077e+03 1.783402e-06
1.530913e+03 1.669880e-06
1.532750e+03 1.599196e-06
1.534587e+03 1.574917e-06
1.536423e+03 1.595784e-06
1.538260e+03 1.655991e-06
1.540097e+03 1.745885e-06
1.541934e+03 1.853021e-06
1.543770e+03 1.963459e-06
1.545607e+03 2.063180e-06
1.547444e+03 2.139476e-06
1.549281e+03 2.182189e-06
1.551117e+03 2.184671e-06
1.552954e+03 2.144392e-06
1.554791e+03 2.063126e-06
1.556627e+03 1.946711e-06
1.558464e+03 1.804421e-06
1.560301e+03 1.647997e-06
1.562138e+03 1.490460e-06
1.563974e+03 1.344803e-06
1.565811e+03 1.222716e-06
1.567648e+03 1.133452e-06
1.569485e+03 1.082944e-06
1.571321e+03 1.073281e-06
1.573158e+03 1.102559e-06
1.574995e+03 1.165147e-06
1.576832e+03 1.252322e-06
1.578668e+03 1.353213e-06
1.580505e+03 1.455956e-06
1.582342e+03 1.548945e-06
1.584178e+03 1.622047e-06
1.586015e+03 1.667671e-06
1.587852e+03 1.681563e-06
1.589689e+03 1.663270e-06
1.591525e+03 1.616202e-06
1.593362e+03 1.547304e-06
1.595199e+03 1.466349e-06
1.597036e+03 1.384941e-06
1.598872e+03 1.315305e-06
1.600709e+03 1.268995e-06
1.602546e+03 1.255651e-06
1.604382e+03 1.281909e-06
1.606219e+03 1.350604e-06
1.608056e+03 1.460324e-06
1.609893e+03 1.605372e-06
1.611729e+03 1.776152e-06
1.613566e+03 1.959946e-06
1.615403e+03 2.142002e-06
1.617240e+03 2.306855e-06
1.619076e+03 2.439745e-06
1.620913e+03 2.527997e-06
1.622750e+03 2.562251e-06
1.624586e+03 2.537399e-06
1.626423e+03 2.453169e-06
1.628260e+03 2.314264e-06
1.630097e+03 2.130071e-06
1.631933e+03 1.913939e-06
1.633770e+03 1.682101e-06
1.635607e+03 1.452325e-06
1.637444e+03 1.242427e-06
1.639280e+03 1.068765e-06
1.641117e+03 9.448570e-07
1.642954e+03 8.802452e-07
1.644790e+03 8.797003e-07
1.646627e+03 9.428432e-07
1.648464e+03 1.064209e-06
1.650301e+03 1.233745e-06
1.652137e+03 1.437698e-06
1.653974e+03 1.659803e-06
1.655811e+03 1.882665e-06
1.657648e+03 2.089212e-06
1.659484e+03 2.264089e-06
1.661321e+03 2.394870e-06
1.663158e+03 2.472981e-06
1.664994e+03 2.494270e-06
1.666831e+03 2.459176e-06
1.668668e+03 2.372489e-06
1.670505e+03 2.242749e-06
1.672341e+03 2.081336e-06
1.674178e+03 1.901357e-06
1.676015e+03 1.716426e-06
1.677852e+03 1.539468e-06
1.679688e+03 1.381647e-06
1.681525e+03 1.251508e-06
1.683362e+03 1.154425e-06
1.685198e+03 1.092372e-06
1.687035e+03 1.064032e-06
1.688872e+03 1.065224e-06
1.690709e+03 1.089584e-06
1.692545e+03 1.129417e-06
1.694382e+03 1.176639e-06
1.696219e+03 1.223687e-06
1.698056e+03 1.264332e-06
1.699892e+03 1.294277e-06
1.701729e+03 1.311525e-06
1.703566e+03 1.316443e-06
1.705403e+03 1.311563e-06
1.707239e+03 1.301122e-06
1.709076e+03 1.290409e-06
1.710913e+03 1.285000e-06
1.712749e+03 1.289956e-06
1.714586e+03 1.309091e-06
1.716423e+03 1.344383e-06
1.718260e+03 1.395596e-06
1.720096e+03 1.460163e-06
1.721933e+03 1.533341e-06
1.723770e+03 1.608625e-06
1.725607e+03 1.678386e-06
1.727443e+03 1.734662e-06
1.729280e+03 1.770011e-06
1.731117e+03 1.778359e-06
1.732953e+03 1.755721e-06
1.734790e+03 1.700737e-06
1.736627e+03 1.614958e-06
1.738464e+03 1.502829e-06
1.740300e+03 1.371390e-06
1.742137e+03 1.229690e-06
1.743974e+03 1.087992e-06
1.745811e+03 9.568258e-07
1.747647e+03 8.459959e-07
1.749484e+03 7.636328e-07
1.751321e+03 7.153934e-07
1.753157e+03 7.038887e-07
1.754994e+03 7.284037e-07
1.756831e+03 7.849428e-07
1.758668e+03 8.666014e-07
1.760504e+03 9.642348e-07
1.762341e+03 1.067360e-06
1.764178e+03 1.165206e-06
1.766015e+03 1.247810e-06
1.767851e+03 1.307047e-06
1.769688e+03 1.337492e-06
1.771525e+03 1.337023e-06
1.773361e+03 1.307094e-06
1.775198e+03 1.252657e-06
1.777035e+03 1.181710e-06
1.778872e+03 1.104534e-06
1.780708e+03 1.032667e-06
1.782545e+03 9.777220e-07
1.784382e+03 9.501630e-07
1.786219e+03 9.581502e-07
1.788055e+03 1.006584e-06
1.789892e+03 1.096436e-06
1.791729e+03 1.224454e-06
1.793565e+03 1.383262e-06
1.795402e+03 1.561879e-06
1.797239e+03 1.746598e-06
1.799076e+03 1.922166e-06
1.800912e+03 2.073149e-06
1.802749e+03 2.185366e-06
1.804586e+03 2.247246e-06
1.806423e+03 2.250996e-06
1.808259e+03 2.193439e-06
1.810096e+03 2.076467e-06
1.811933e+03 1.907027e-06
1.813769e+03 1.696652e-06
1.815606e+03 1.460568e-06
1.817443e+03 1.216438e-06
1.819280e+03 9.828704e-07
1.821116e+03 7.778136e-07
1.822953e+03 6.169835e-07
1.824790e+03 5.124735e-07
1.826627e+03 4.716711e-07
1.828463e+03 4.965872e-07
1.830300e+03 5.836636e-07
1.832137e+03 7.240785e-07
1.833974e+03 9.045302e-07
1.835810e+03 1.108427e-06
1.837647e+03 1.317380e-06
1.839484e+03 1.512862e-06
1.841320e+03 1.677880e-06
1.843157e+03 1.798513e-06
1.844994e+03 1.865161e-06
1.846831e+03 1.873406e-06
1.848667e+03 1.824385e-06
1.850504e+03 1.724658e-06
1.852341e+03 1.585563e-06
1.854178e+03 1.422133e-06
1.856014e+03 1.251664e-06
1.857851e+03 1.092073e-06
1.859688e+03 9.601899e-07
1.861524e+03 8.701561e-07
1.863361e+03 8.320665e-07
1.865198e+03 8.509896e-07
1.867035e+03 9.264574e-07
1.868871e+03 1.052473e-06
1.870708e+03 1.218039e-06
1.872545e+03 1.408153e-06
1.874382e+03 1.605189e-06
1.876218e+03 1.790527e-06
1.878055e+03 1.946282e-06
1.879892e+03 2.056973e-06
1.881728e+03 2.110977e-06
1.883565e+03 2.101626e-06
1.885402e+03 2.027852e-06
1.887239e+03 1.894312e-06
1.889075e+03 1.710988e-06
1.890912e+03 1.492285e-06
1.892749e+03 1.255737e-06
1.894586e+03 1.020408e-06
1.896422e+03 8.051627e-07
1.898259e+03 6.269620e-07
1.900096e+03 4.993309e-07
1.901932e+03 4.311560e-07
1.903769e+03 4.259160e-07
1.905606e+03 4.814161e-07
1.907443e+03 5.900511e-07
1.909279e+03 7.395693e-07
1.911116e+03 9.142628e-07
1.912953e+03 1.096471e-06
1.914790e+03 1.268253e-06
1.916626e+03 1.413073e-06
1.918463e+03 1.517333e-06
1.920300e+03 1.571616e-06
1.922136e+03 1.571517e-06
1.923973e+03 1.517989e-06
1.925810e+03 1.417172e-06
1.927647e+03 1.279723e-06
1.929483e+03 1.119719e-06
1.931320e+03 9.532347e-07
1.933157e+03 7.967391e-07
1.934994e+03 6.654632e-07
1.936830e+03 5.719013e-07
1.938667e+03 5.245889e-07
1.940504e+03 5.272767e-07
1.942341e+03 5.785813e-07
1.944177e+03 6.721464e-07
1.946014e+03 7.972986e-07
1.947851e+03 9.401345e-07
1.949687e+03 1.084932e-06
1.951524e+03 1.215749e-06
1.953361e+03 1.318050e-06
1.955198e+03 1.380209e-06
1.957034e+03 1.394718e-06
1.958871e+03 1.359012e-06
1.960708e+03 1.275798e-06
1.962545e+03 1.152863e-06
1.964381e+03 1.002373e-06
1.966218e+03 8.397336e-07
1.968055e+03 6.821014e-07
1.969891e+03 5.467086e-07
1.971728e+03 4.491474e-07
1.973565e+03 4.017879e-07
1.975402e+03 4.124834e-07
1.977238e+03 4.836933e-07
1.979075e+03 6.121149e-07
1.980912e+03 7.888651e-07
1.982749e+03 1.000205e-06
1.984585e+03 1.228746e-06
1.986422e+03 1.455019e-06
1.988259e+03 1.659284e-06
1.990095e+03 1.823380e-06
1.991932e+03 1.932468e-06
1.993769e+03 1.976482e-06
1.995606e+03 1.951153e-06
1.997442e+03 1.858500e-06
1.999279e+03 1.706739e-06
2.001116e+03 1.509608e-06
2.002953e+03 1.285165e-06
2.004789e+03 1.054160e-06
2.006626e+03 8.381456e-07
2.008463e+03 6.574757e-07
2.010299e+03 5.294038e-07
2.012136e+03 4.664423e-07
2.013973e+03 4.751474e-07
2.015810e+03 5.554466e-07
2.017646e+03 7.005760e-07
2.019483e+03 8.976408e-07
2.021320e+03 1.128752e-06
2.023157e+03 1.372638e-06
2.024993e+03 1.606589e-06
2.026830e+03 1.808553e-06
2.028667e+03 1.959189e-06
2.030503e+03 2.043690e-06
2.032340e+03 2.053203e-06
2.034177e+03 1.985711e-06
2.036014e+03 1.846288e-06
2.037850e+03 1.646706e-06
2.039687e+03 1.404418e-06
2.041524e+03 1.141009e-06
2.043361e+03 8.802604e-07
2.045197e+03 6.459887e-07
2.047034e+03 4.598770e-07
2.048871e+03 3.394806e-07
2.050707e+03 2.966013e-07
2.052544e+03 3.361781e-07
2.054381e+03 4.557994e-07
2.056218e+03 6.458831e-07
2.058054e+03 8.905113e-07
2.059891e+03 1.168844e-06
2.061728e+03 1.456983e-06
2.063565e+03 1.730119e-06
2.065401e+03 1.964763e-06
2.067238e+03 2.140853e-06
2.069075e+03 2.243555e-06
2.070912e+03 2.264582e-06
2.072748e+03 2.202912e-06
2.074585e+03 2.064847e-06
2.076422e+03 1.863398e-06
2.078258e+03 1.617066e-06
2.080095e+03 1.348121e-06
2.081932e+03 1.080545e-06
2.083769e+03 8.378351e-07
2.085605e+03 6.408560e-07
2.087442e+03 5.059555e-07
2.089279e+03 4.435074e-07
2.091116e+03 4.570182e-07
2.092952e+03 5.428780e-07
2.094789e+03 6.907759e-07
2.096626e+03 8.847384e-07
2.098462e+03 1.104689e-06
2.100299e+03 1.328387e-06
2.102136e+03 1.533548e-06
2.103973e+03 1.699968e-06
2.105809e+03 1.811426e-06
2.107646e+03 1.857210e-06
2.109483e+03 1.833103e-06
2.111320e+03 1.741753e-06
2.113156e+03 1.592387e-06
2.114993e+03 1.399897e-06
2.116830e+03 1.183383e-06
2.118666e+03 9.643029e-07
2.120503e+03 7.643954e-07
2.122340e+03 6.035737e-07
2.124177e+03 4.979971e-07
2.126013e+03 4.584986e-07
2.127850e+03 4.895194e-07
2.129687e+03 5.886548e-07
2.131524e+03 7.468524e-07
2.133360e+03 9.492481e-07
2.135197e+03 1.176561e-06
2.137034e+03 1.406916e-06
2.138870e+03 1.617922e-06
2.140707e+03 1.788815e-06
2.142544e+03 1.902450e-06
2.144381e+03 1.946968e-06
2.146217e+03 1.916971e-06
2.148054e+03 1.814088e-06
2.149891e+03 1.646881e-06
2.151728e+03 1.430101e-06
2.153564e+03 1.183348e-06
2.155401e+03 9.292676e-07
2.157238e+03 6.914513e-07
2.159074e+03 4.922311e-07
2.160911e+03 3.505777e-07
2.162748e+03 2.803003e-07
2.164585e+03 2.887160e-07
2.166421e+03 3.759164e-07
2.168258e+03 5.347030e-07
2.170095e+03 7.512000e-07
2.171932e+03 1.006091e-06
2.173768e+03 1.276366e-06
2.175605e+03 1.537421e-06
2.177442e+03 1.765315e-06
2.179278e+03 1.938974e-06
2.181115e+03 2.042141e-06
2.182952e+03 2.064892e-06
2.184789e+03 2.004567e-06
2.186625e+03 1.866041e-06
2.188462e+03 1.661302e-06
2.190299e+03 1.408369e-06
2.192136e+03 1.129659e-06
2.193972e+03 8.499460e-07
2.195809e+03 5.941011e-07
2.197646e+03 3.848190e-07
2.199483e+03 2.405477e-07
2.201319e+03 1.738048e-07
2.203156e+03 1.900400e-07
2.204993e+03 2.871472e-07
2.206829e+03 4.556709e-07
2.208666e+03 6.796890e-07
2.210503e+03 9.382892e-07
2.212340e+03 1.207504e-06
2.214176e+03 1.462523e-06
2.216013e+03 1.679986e-06
2.217850e+03 1.840132e-06
2.219687e+03 1.928623e-06
2.221523e+03 1.937862e-06
2.223360e+03 1.867688e-06
2.225197e+03 1.725392e-06
2.227033e+03 1.525039e-06
2.228870e+03 1.286169e-06
2.230707e+03 1.032000e-06
2.232544e+03 7.872850e-07
2.234380e+03 5.760337e-07
2.236217e+03 4.192997e-07
2.238054e+03 3.332386e-07
2.239891e+03 3.276140e-07
2.241727e+03 4.048857e-07
2.243564e+03 5.599639e-07
2.245401e+03 7.806490e-07
2.247237e+03 1.048715e-06
2.249074e+03 1.341539e-06
2.250911e+03 1.634121e-06
2.252748e+03 1.901316e-06
2.254584e+03 2.120075e-06
2.256421e+03 2.271483e-06
2.258258e+03 2.342429e-06
2.260095e+03 2.326738e-06
2.261931e+03 2.225687e-06
2.263768e+03 2.047846e-06
2.265605e+03 1.808282e-06
2.267441e+03 1.527181e-06
2.269278e+03 1.228039e-06
2.271115e+03 9.355761e-07
2.272952e+03 6.735662e-07
2.274788e+03 4.627816e-07
2.276625e+03 3.192315e-07
2.278462e+03 2.528508e-07
2.280299e+03 2.667486e-07
2.282135e+03 3.570760e-07
2.283972e+03 5.135136e-07
2.285809e+03 7.203252e-07
2.287645e+03 9.578696e-07
2.289482e+03 1.204427e-06
2.291319e+03 1.438169e-06
2.293156e+03 1.639084e-06
2.294992e+03 1.790694e-06
2.296829e+03 1.881403e-06
2.298666e+03 1.905367e-06
2.300503e+03 1.862813e-06
2.302339e+03 1.759795e-06
2.304176e+03 1.607428e-06
2.306013e+03 1.420672e-06
2.307849e+03 1.216812e-06
2.309686e+03 1.013757e-06
2.311523e+03 8.283559e-07
2.313360e+03 6.748575e-07
2.315196e+03 5.636812e-07
2.317033e+03 5.005938e-07
2.318870e+03 4.863666e-07
2.320707e+03 5.169311e-07
2.322543e+03 5.840060e-07
2.324380e+03 6.761229e-07
2.326217e+03 7.799397e-07
2.328054e+03 8.817059e-07
2.329890e+03 9.687315e-07
2.331727e+03 1.030712e-06
2.333564e+03 1.060782e-06
2.335400e+03 1.056191e-06
2.337237e+03 1.018547e-06
2.339074e+03 9.535971e-07
2.340911e+03 8.705889e-07
2.342747e+03 7.812586e-07
2.344584e+03 6.985713e-07
2.346421e+03 6.353272e-07
2.348258e+03 6.027821e-07
2.350094e+03 6.094150e-07
2.351931e+03 6.599703e-07
2.353768e+03 7.548663e-07
2.355604e+03 8.900318e-07
2.357441e+03 1.057186e-06
2.359278e+03 1.244537e-06
2.361115e+03 1.437833e-06
2.362951e+03 1.621656e-06
2.364788e+03 1.780854e-06
2.366625e+03 1.901949e-06
2.368462e+03 1.974411e-06
2.370298e+03 1.991651e-06
2.372135e+03 1.951670e-06
2.373972e+03 1.857271e-06
2.375808e+03 1.715844e-06
2.377645e+03 1.538719e-06
2.379482e+03 1.340181e-06
2.381319e+03 1.136204e-06
2.383155e+03 9.430629e-07
2.384992e+03 7.759164e-07
2.386829e+03 6.475237e-07
2.388666e+03 5.671900e-07
2.390502e+03 5.400449e-07
2.392339e+03 5.667126e-07
2.394176e+03 6.433940e-07
2.396012e+03 7.623478e-07
2.397849e+03 9.127117e-07
2.399686e+03 1.081581e-06
2.401523e+03 1.255233e-06
2.403359e+03 1.420381e-06
2.405196e+03 1.565331e-06
2.407033e+03 1.680935e-06
2.408870e+03 1.761264e-06
2.410706e+03 1.803929e-06
2.412543e+03 1.810040e-06
2.414380e+03 1.783825e-06
2.416216e+03 1.731943e-06
2.418053e+03 1.662593e-06
2.419890e+03 1.584501e-06
2.421727e+03 1.505908e-06
2.423563e+03 1.433658e-06
2.425400e+03 1.372483e-06
2.427237e+03 1.324570e-06
2.429074e+03 1.289433e-06
2.430910e+03 1.264112e-06
2.432747e+03 1.243669e-06
2.434584e+03 1.221925e-06
2.436420e+03 1.192348e-06
2.438257e+03 1.149001e-06
2.440094e+03 1.087432e-06
2.441931e+03 1.005414e-06
2.443767e+03 9.034340e-07
2.445604e+03 7.848949e-07
2.447441e+03 6.559684e-07
2.449278e+03 5.251313e-07
2.451114e+03 4.024115e-07
2.452951e+03 2.984200e-07
2.454788e+03 2.232652e-07
2.456625e+03 1.854599e-07
2.458461e+03 1.909361e-07
2.460298e+03 2.422735e-07
2.462135e+03 3.382299e-07
2.463971e+03 4.736301e-07
2.465808e+03 6.396387e-07
2.467645e+03 8.244015e-07
2.469482e+03 1.014002e-06
2.471318e+03 1.193648e-06
2.473155e+03 1.348985e-06
2.474992e+03 1.467393e-06
2.476829e+03 1.539167e-06
2.478665e+03 1.558438e-06
2.480502e+03 1.523759e-06
2.482339e+03 1.438276e-06
2.484175e+03 1.309484e-06
2.486012e+03 1.148552e-06
2.487849e+03 9.693087e-07
2.489686e+03 7.869589e-07
2.491522e+03 6.166640e-07
2.493359e+03 4.721171e-07
2.495196e+03 3.642543e-07
2.497033e+03 3.002296e-07
2.498869e+03 2.827554e-07
2.500706e+03 3.098800e-07
2.502543e+03 3.752278e-07
2.504379e+03 4.686845e-07
2.506216e+03 5.774651e-07
2.508053e+03 6.874639e-07
2.509890e+03 7.847540e-07
2.511726e+03 8.570911e-07
2.513563e+03 8.952669e-07
2.515400e+03 8.941763e-07
2.517237e+03 8.534824e-07
2.519073e+03 7.778044e-07
2.520910e+03 6.763976e-07
2.522747e+03 5.623442e-07
2.524583e+03 4.513232e-07
2.526420e+03 3.600702e-07
2.528257e+03 3.046712e-07
2.530094e+03 2.988543e-07
2.531930e+03 3.524485e-07
2.533767e+03 4.701666e-07
2.535604e+03 6.508408e-07
2.537441e+03 8.872016e-07
2.539277e+03 1.166238e-06
2.541114e+03 1.470124e-06
2.542951e+03 1.777642e-06
2.544787e+03 2.065980e-06
2.546624e+03 2.312753e-06
2.548461e+03 2.498048e-06
2.550298e+03 2.606323e-06
2.552134e+03 2.627960e-06
2.553971e+03 2.560329e-06
2.555808e+03 2.408242e-06
2.557645e+03 2.183747e-06
2.559481e+03 1.905258e-06
2.561318e+03 1.596089e-06
2.563155e+03 1.282504e-06
2.564991e+03 9.914626e-07
2.566828e+03 7.482471e-07
2.568665e+03 5.741960e-07
2.570502e+03 4.847429e-07
2.572338e+03 4.879517e-07
2.574175e+03 5.836861e-07
2.576012e+03 7.635026e-07
2.577849e+03 1.011287e-06
2.579685e+03 1.304592e-06
2.581522e+03 1.616562e-06
2.583359e+03 1.918281e-06
2.585196e+03 2.181347e-06
2.587032e+03 2.380423e-06
2.588869e+03 2.495558e-06
2.590706e+03 2.514046e-06
2.592542e+03 2.431664e-06
2.594379e+03 2.253152e-06
2.596216e+03 1.991909e-06
2.598053e+03 1.668894e-06
2.599889e+03 1.310839e-06
2.601726e+03 9.479337e-07
2.603563e+03 6.111579e-07
2.605400e+03 3.295313e-07
2.607236e+03 1.275022e-07
2.609073e+03 2.272319e-08
2.610910e+03 2.441577e-08
2.612746e+03 1.324744e-07
2.614583e+03 3.373997e-07
2.616420e+03 6.210736e-07
2.618257e+03 9.583143e-07
2.620093e+03 1.319080e-06
2.621930e+03 1.671129e-06
2.623767e+03 1.982904e-06
2.625604e+03 2.226379e-06
2.627440e+03 2.379633e-06
2.629277e+03 2.428886e-06
2.631114e+03 2.369857e-06
2.632950e+03 2.208272e-06
2.634787e+03 1.959509e-06
2.636624e+03 1.647381e-06
2.638461e+03 1.302170e-06
2.640297e+03 9.580692e-07
2.642134e+03 6.502676e-07
2.643971e+03 4.119135e-07
2.645808e+03 2.712291e-07
2.647644e+03 2.490213e-07
2.649481e+03 3.568051e-07
2.651318e+03 5.957011e-07
2.653154e+03 9.562007e-07
2.654991e+03 1.418817e-06
2.656828e+03 1.955568e-06
2.658665e+03 2.532154e-06
2.660501e+03 3.110654e-06
2.662338e+03 3.652505e-06
2.664175e+03 4.121504e-06
2.666012e+03 4.486600e-06
2.667848e+03 4.724229e-06
2.669685e+03 4.820019e-06
2.671522e+03 4.769721e-06
2.673358e+03 4.579321e-06
2.675195e+03 4.264319e-06
2.677032e+03 3.848288e-06
2.678869e+03 3.360814e-06
2.680705e+03 2.835042e-06
2.682542e+03 2.305014e-06
2.684379e+03 1.803051e-06
2.686216e+03 1.357380e-06
2.688052e+03 9.902020e-07
2.689889e+03 7.163425e-07
2.691726e+03 5.425685e-07
2.693562e+03 4.676021e-07
2.695399e+03 4.827916e-07
2.697236e+03 5.733478e-07
2.699073e+03 7.200086e-07
2.700909e+03 9.009628e-07
2.702746e+03 1.093848e-06
2.704583e+03 1.277646e-06
2.706420e+03 1.434309e-06
2.708256e+03 1.550002e-06
2.710093e+03 1.615857e-06
2.711930e+03 1.628234e-06
2.713767e+03 1.588479e-06
2.715603e+03 1.502257e-06
2.717440e+03 1.378554e-06
2.719277e+03 1.228475e-06
2.721113e+03 1.063974e-06
2.722950e+03 8.966452e-07
2.724787e+03 7.366953e-07
2.726624e+03 5.921889e-07
2.728460e+03 4.686123e-07
2.730297e+03 3.687764e-07
2.732134e+03 2.930308e-07
2.733971e+03 2.397325e-07
2.735807e+03 2.058845e-07
2.737644e+03 1.878471e-07
2.739481e+03 1.820216e-07
2.741317e+03 1.854146e-07
2.743154e+03 1.960144e-07
2.744991e+03 2.129359e-07
2.746828e+03 2.363266e-07
2.748664e+03 2.670568e-07
2.750501e+03 3.062498e-07
2.752338e+03 3.547288e-07
2.754175e+03 4.124707e-07
2.756011e+03 4.781598e-07
2.757848e+03 5.489212e-07
2.759685e+03 6.202956e-07
2.761521e+03 6.864830e-07
2.763358e+03 7.408514e-07
2.765195e+03 7.766679e-07
2.767032e+03 7.879768e-07
2.768868e+03 7.705234e-07
2.770705e+03 7.226076e-07
2.772542e+03 6.457492e-07
2.774379e+03 5.450574e-07
2.776215e+03 4.292270e-07
2.778052e+03 3.101149e-07
2.779889e+03 2.019010e-07
2.781725e+03 1.198823e-07
2.783562e+03 7.899631e-08
2.785399e+03 9.220986e-08
2.787236e+03 1.689347e-07
2.789072e+03 3.136444e-07
2.790909e+03 5.248597e-07
2.792746e+03 7.946443e-07
2.794583e+03 1.108711e-06
2.796419e+03 1.447186e-06
2.798256e+03 1.786001e-06
2.800093e+03 2.098844e-06
2.801929e+03 2.359499e-06
2.803766e+03 2.544389e-06
2.805603e+03 2.635066e-06
2.807440e+03 2.620429e-06
2.809276e+03 2.498389e-06
2.811113e+03 2.276812e-06
2.812950e+03 1.973572e-06
2.814787e+03 1.615660e-06
2.816623e+03 1.237348e-06
2.818460e+03 8.775398e-07
2.820297e+03 5.764859e-07
2.822134e+03 3.721512e-07
2.823970e+03 2.965431e-07
2.825807e+03 3.723532e-07
2.827644e+03 6.102464e-07
2.829480e+03 1.007096e-06
2.831317e+03 1.545384e-06
2.833154e+03 2.193902e-06
2.834991e+03 2.909755e-06
2.836827e+03 3.641562e-06
2.838664e+03 4.333632e-06
2.840501e+03 4.930764e-06
2.842338e+03 5.383291e-06
2.844174e+03 5.651876e-06
2.846011e+03 5.711646e-06
2.847848e+03 5.555209e-06
2.849684e+03 5.194242e-06
2.851521e+03 4.659421e-06
2.853358e+03 3.998610e-06
2.855195e+03 3.273389e-06
2.857031e+03 2.554164e-06
2.858868e+03 1.914222e-06
2.860705e+03 1.423233e-06
2.862542e+03 1.140767e-06
2.864378e+03 1.110416e-06
2.866215e+03 1.355093e-06
2.868052e+03 1.873991e-06
2.869888e+03 2.641559e-06
2.871725e+03 3.608695e-06
2.873562e+03 4.706135e-06
2.875399e+03 5.849852e-06
2.877235e+03 6.948056e-06
2.879072e+03 7.909237e-06
2.880909e+03 8.650573e-06
2.882746e+03 9.105941e-06
2.884582e+03 9.232808e-06
2.886419e+03 9.017299e-06
2.888256e+03 8.476915e-06
2.890092e+03 7.660538e-06
2.891929e+03 6.645591e-06
2.893766e+03 5.532484e-06
2.895603e+03 4.436714e-06
2.897439e+03 3.479223e-06
2.899276e+03 2.775799e-06
2.901113e+03 2.426423e-06
2.902950e+03 2.505525e-06
2.904786e+03 3.054044e-06
2.906623e+03 4.074105e-06
2.908460e+03 5.526894e-06
2.910296e+03 7.334068e-06
2.912133e+03 9.382739e-06
2.913970e+03 1.153376e-05
2.915807e+03 1.363270e-05
2.917643e+03 1.552270e-05
2.919480e+03 1.705813e-05
2.921317e+03 1.811789e-05
2.923154e+03 1.861718e-05
2.924990e+03 1.851660e-05
2.926827e+03 1.782773e-05
2.928664e+03 1.661453e-05
2.930500e+03 1.499022e-05
2.932337e+03 1.310975e-05
2.934174e+03 1.115837e-05
2.936011e+03 9.337080e-06
2.937847e+03 7.846062e-06
2.939684e+03 6.867584e-06
2.941521e+03 6.549671e-06
2.943358e+03 6.992081e-06
2.945194e+03 8.235858e-06
2.947031e+03 1.025750e-05
2.948868e+03 1.296842e-05
2.950705e+03 1.621992e-05
2.952541e+03 1.981354e-05
2.954378e+03 2.351594e-05
2.956215e+03 2.707734e-05
2.958051e+03 3.025202e-05
2.959888e+03 3.281915e-05
2.961725e+03 3.460223e-05
2.963562e+03 3.548542e-05
2.965398e+03 3.542521e-05
2.967235e+03 3.445634e-05
2.969072e+03 3.269127e-05
2.970909e+03 3.031291e-05
2.972745e+03 2.756125e-05
2.974582e+03 2.471461e-05
2.976419e+03 2.206710e-05
2.978255e+03 1.990401e-05
2.980092e+03 1.847734e-05
2.981929e+03 1.798335e-05
2.983766e+03 1.854436e-05
2.985602e+03 2.019638e-05
2.987439e+03 2.288384e-05
2.989276e+03 2.646217e-05
2.991113e+03 3.070816e-05
2.992949e+03 3.533758e-05
2.994786e+03 4.002864e-05
2.996623e+03 4.444959e-05
2.998459e+03 4.828804e-05
3.000296e+03 5.127966e-05
3.002133e+03 5.323370e-05
3.003970e+03 5.405291e-05
3.005806e+03 5.374606e-05
3.007643e+03 5.243160e-05
3.009480e+03 5.033186e-05
3.011317e+03 4.775798e-05
3.013153e+03 4.508638e-05
3.014990e+03 4.272863e-05
3.016827e+03 4.109705e-05
3.018663e+03 4.056873e-05
3.020500e+03 4.145115e-05
3.022337e+03 4.395240e-05
3.024174e+03 4.815864e-05
3.026010e+03 5.402123e-05
3.027847e+03 6.135488e-05
3.029684e+03 6.984752e-05
3.031521e+03 7.908161e-05
3.033357e+03 8.856537e-05
3.035194e+03 9.777198e-05
3.037031e+03 1.061836e-04
3.038867e+03 1.133368e-04
3.040704e+03 1.188656e-04
3.042541e+03 1.225383e-04
3.044378e+03 1.242852e-04
3.046214e+03 1.242139e-04
3.048051e+03 1.226111e-04
3.049888e+03 1.199292e-04
3.051725e+03 1.167590e-04
3.053561e+03 1.137906e-04
3.055398e+03 1.117631e-04
3.057235e+03 1.114096e-04
3.059071e+03 1.133994e-04
3.060908e+03 1.182837e-04
3.062745e+03 1.264482e-04
3.064582e+03 1.380772e-04
3.066418e+03 1.531329e-04
3.068255e+03 1.713509e-04
3.070092e+03 1.922550e-04
3.071929e+03 2.151886e-04
3.073765e+03 2.393623e-04
3.075602e+03 2.639137e-04
3.077439e+03 2.879758e-04
3.079276e+03 3.107478e-04
3.081112e+03 3.315641e-04
3.082949e+03 3.499547e-04
3.084786e+03 3.656921e-04
3.086622e+03 3.788217e-04
3.088459e+03 3.896706e-04
3.090296e+03 3.988356e-04
3.092133e+03 4.071484e-04
3.093969e+03 4.156218e-04
3.095806e+03 4.253796e-04
3.097643e+03 4.375748e-04
3.099480e+03 4.533035e-04
3.101316e+03 4.735186e-04
3.103153e+03 4.989539e-04
3.104990e+03 5.300603e-04
3.106826e+03 5.669638e-04
3.108663e+03 6.094462e-04
3.110500e+03 6.569525e-04
3.112337e+03 7.086249e-04
3.114173e+03 7.633616e-04
3.116010e+03 8.198968e-04
3.117847e+03 8.768965e-04
3.119684e+03 9.330634e-04
3.121520e+03 9.872431e-04
3.123357e+03 1.038523e-03
3.125194e+03 1.086319e-03
3.127030e+03 1.130436e-03
3.128867e+03 1.171106e-03
3.130704e+03 1.208993e-03
3.132541e+03 1.245168e-03
3.134377e+03 1.281050e-03
3.136214e+03 1.318317e-03
3.138051e+03 1.358804e-03
3.139888e+03 1.404374e-03
3.141724e+03 1.456789e-03
3.143561e+03 1.517579e-03
3.145398e+03 1.587932e-03
3.147234e+03 1.668591e-03
3.149071e+03 1.759789e-03
3.150908e+03 1.861218e-03
3.152745e+03 1.972027e-03
3.154581e+03 2.090870e-03
3.156418e+03 2.215977e-03
3.158255e+03 2.345265e-03
3.160092e+03 2.476475e-03
3.161928e+03 2.607315e-03
3.163765e+03 2.735620e-03
3.165602e+03 2.859502e-03
3.167438e+03 2.977483e-03
3.169275e+03 3.088607e-03
3.171112e+03 3.192517e-03
3.172949e+03 3.289492e-03
3.174785e+03 3.380446e-03
3.176622e+03 3.466878e-03
3.178459e+03 3.550787e-03
3.180296e+03 3.634550e-03
3.182132e+03 3.720770e-03
3.183969e+03 3.812113e-03
3.185806e+03 3.911129e-03
3.187642e+03 4.020085e-03
3.189479e+03 4.140808e-03
3.191316e+03 4.274558e-03
3.193153e+03 4.421931e-03
3.194989e+03 4.582808e-03
3.196826e+03 4.756344e-03
3.198663e+03 4.941004e-03
3.200500e+03 5.134640e-03
3.202336e+03 5.334615e-03
3.204173e+03 5.537943e-03
3.206010e+03 5.741464e-03
3.207847e+03 5.942023e-03
3.209683e+03 6.136653e-03
3.211520e+03 6.322740e-03
3.213357e+03 6.498174e-03
3.215193e+03 6.661465e-03
3.217030e+03 6.811822e-03
3.218867e+03 6.949191e-03
3.220704e+03 7.074249e-03
3.222540e+03 7.188354e-03
3.224377e+03 7.293460e-03
3.226214e+03 7.391993e-03
3.228051e+03 7.486702e-03
3.229887e+03 7.580503e-03
3.231724e+03 7.676300e-03
3.233561e+03 7.776826e-03
3.235397e+03 7.884484e-03
3.237234e+03 8.001215e-03
3.239071e+03 8.128399e-03
3.240908e+03 8.266778e-03
3.242744e+03 8.416430e-03
3.244581e+03 8.576764e-03
3.246418e+03 8.746569e-03
3.248255e+03 8.924080e-03
3.250091e+03 9.107083e-03
3.251928e+03 9.293034e-03
3.253765e+03 9.479198e-03
3.255601e+03 9.662793e-03
3.257438e+03 9.841130e-03
3.259275e+03 1.001175e-02
3.261112e+03 1.017254e-02
3.262948e+03 1.032183e-02
3.264785e+03 1.045849e-02
3.266622e+03 1.058196e-02
3.268459e+03 1.069226e-02
3.270295e+03 1.079003e-02
3.272132e+03 1.087645e-02
3.273969e+03 1.095322e-02
3.275805e+03 1.102245e-02
3.277642e+03 1.108663e-02
3.279479e+03 1.114847e-02
3.281316e+03 1.121080e-02
3.283152e+03 1.127652e-02
3.284989e+03 1.134838e-02
3.286826e+03 1.142901e-02
3.288663e+03 1.152071e-02
3.290499e+03 1.162543e-02
3.292336e+03 1.174469e-02
3.294173e+03 1.187955e-02
3.296009e+03 1.203052e-02
3.297846e+03 1.219761e-02
3.299683e+03 1.238027e-02
3.301520e+03 1.257747e-02
3.303356e+03 1.278768e-02
3.305193e+03 1.300894e-02
3.307030e+03 1.323896e-02
3.308867e+03 1.347512e-02
3.310703e+03 1.371461e-02
3.312540e+03 1.395450e-02
3.314377e+03 1.419184e-02
3.316213e+03 1.442373e-02
3.318050e+03 1.464742e-02
3.319887e+03 1.486041e-02
3.321724e+03 1.506051e-02
3.323560e+03 1.524589e-02
3.325397e+03 1.541516e-02
3.327234e+03 1.556737e-02
3.329071e+03 1.570205e-02
3.330907e+03 1.581923e-02
3.332744e+03 1.591938e-02
3.334581e+03 1.600341e-02
3.336418e+03 1.607262e-02
3.338254e+03 1.612862e-02
3.340091e+03 1.617333e-02
3.341928e+03 1.620881e-02
3.343764e+03 1.623724e-02
3.345601e+03 1.626086e-02
3.347438e+03 1.628183e-02
3.349275e+03 1.630220e-02
3.351111e+03 1.632384e-02
3.352948e+03 1.634839e-02
3.354785e+03 1.637718e-02
3.356622e+03 1.641127e-02
3.358458e+03 1.645135e-02
3.360295e+03 1.649779e-02
3.362132e+03 1.655064e-02
3.363968e+03 1.660962e-02
3.365805e+03 1.667417e-02
3.367642e+03 1.674348e-02
3.369479e+03 1.681651e-02
3.371315e+03 1.689207e-02
3.373152e+03 1.696884e-02
3.374989e+03 1.704539e-02
3.376826e+03 1.712029e-02
3.378662e+03 1.719210e-02
3.380499e+03 1.725943e-02
3.382336e+03 1.732095e-02
3.384172e+03 1.737546e-02
3.386009e+03 1.742188e-02
3.387846e+03 1.745929e-02
3.389683e+03 1.748694e-02
3.391519e+03 1.750426e-02
3.393356e+03 1.751087e-02
3.395193e+03 1.750659e-02
3.397030e+03 1.749141e-02
3.398866e+03 1.746554e-02
3.400703e+03 1.742935e-02
3.402540e+03 1.738338e-02
3.404376e+03 1.732833e-02
3.406213e+03 1.726503e-02
3.408050e+03 1.719446e-02
3.409887e+03 1.711766e-02
3.411723e+03 1.703577e-02
3.413560e+03 1.694996e-02
3.415397e+03 1.686144e-02
3.417234e+03 1.677140e-02
3.419070e+03 1.668100e-02
3.420907e+03 1.659135e-02
3.422744e+03 1.650348e-02
3.424580e+03 1.641829e-02
3.426417e+03 1.633658e-02
3.428254e+03 1.625898e-02
3.430091e+03 1.618597e-02
3.431927e+03 1.611787e-02
3.433764e+03 1.605481e-02
3.435601e+03 1.599672e-02
3.437438e+03 1.594338e-02
3.439274e+03 1.589437e-02
3.441111e+03 1.584911e-02
3.442948e+03 1.580687e-02
3.444784e+03 1.576678e-02
3.446621e+03 1.572784e-02
3.448458e+03 1.568896e-02
3.450295e+03 1.564897e-02
3.452131e+03 1.560668e-02
3.453968e+03 1.556086e-02
3.455805e+03 1.551030e-02
3.457642e+03 1.545383e-02
3.459478e+03 1.539036e-02
3.461315e+03 1.531890e-02
3.463152e+03 1.523858e-02
3.464989e+03 1.514867e-02
3.466825e+03 1.504861e-02
3.468662e+03 1.493804e-02
3.470499e+03 1.481677e-02
3.472335e+03 1.468478e-02
3.474172e+03 1.454228e-02
3.476009e+03 1.438963e-02
3.477846e+03 1.422735e-02
3.479682e+03 1.405612e-02
3.481519e+03 1.387673e-02
3.483356e+03 1.369005e-02
3.485193e+03 1.349703e-02
3.487029e+03 1.329862e-02
3.488866e+03 1.309580e-02
3.490703e+03 1.288950e-02
3.492539e+03 1.268058e-02
3.494376e+03 1.246985e-02
3.496213e+03 1.225799e-02
3.498050e+03 1.204559e-02
3.499886e+03 1.183310e-02
3.501723e+03 1.162088e-02
3.503560e+03 1.140917e-02
3.505397e+03 1.119811e-02
3.507233e+03 1.098774e-02
3.509070e+03 1.077807e-02
3.510907e+03 1.056906e-02
3.512743e+03 1.036064e-02
3.514580e+03 1.015275e-02
3.516417e+03 9.945374e-03
3.518254e+03 9.738545e-03
3.520090e+03 9.532360e-03
3.521927e+03 9.327000e-03
3.523764e+03 9.122741e-03
3.525601e+03 8.919954e-03
3.527437e+03 8.719105e-03
3.529274e+03 8.520751e-03
3.531111e+03 8.325525e-03
3.532947e+03 8.134124e-03
3.534784e+03 7.947286e-03
3.536621e+03 7.765768e-03
3.538458e+03 7.590322e-03
3.540294e+03 7.421661e-03
3.542131e+03 7.260440e-03
3.543968e+03 7.107218e-03
3.545805e+03 6.962439e-03
3.547641e+03 6.826403e-03
3.549478e+03 6.699245e-03
3.551315e+03 6.580924e-03
3.553151e+03 6.471207e-03
3.554988e+03 6.369666e-03
3.556825e+03 6.275684e-03
3.558662e+03 6.188467e-03
3.560498e+03 6.107054e-03
3.562335e+03 6.030356e-03
3.564172e+03 5.957180e-03
3.566009e+03 5.886269e-03
3.567845e+03 5.816353e-03
3.569682e+03 5.746186e-03
3.571519e+03 5.674603e-03
3.573356e+03 5.600558e-03
3.575192e+03 5.523173e-03
3.577029e+03 5.441771e-03
3.578866e+03 5.355908e-03
3.580702e+03 5.265386e-03
3.582539e+03 5.170266e-03
3.584376e+03 5.070857e-03
3.586213e+03 4.967702e-03
3.588049e+03 4.861547e-03
3.589886e+03 4.753297e-03
3.591723e+03 4.643971e-03
3.593560e+03 4.534643e-03
3.595396e+03 4.426381e-03
3.597233e+03 4.320192e-03
3.599070e+03 4.216959e-03
3.600906e+03 4.117395e-03
3.602743e+03 4.022005e-03
3.604580e+03 3.931052e-03
3.606417e+03 3.844550e-03
3.608253e+03 3.762261e-03
3.610090e+03 3.683716e-03
3.611927e+03 3.608239e-03
3.613764e+03 3.534999e-03
3.615600e+03 3.463057e-03
3.617437e+03 3.391431e-03
3.619274e+03 3.319152e-03
3.621110e+03 3.245334e-03
3.622947e+03 3.169224e-03
3.624784e+03 3.090256e-03
3.626621e+03 3.008081e-03
3.628457e+03 2.922593e-03
3.630294e+03 2.833936e-03
3.632131e+03 2.742496e-03
3.633968e+03 2.648872e-03
3.635804e+03 2.553845e-03
3.637641e+03 2.458326e-03
3.639478e+03 2.363300e-03
3.641314e+03 2.269770e-03
3.643151e+03 2.178692e-03
3.644988e+03 2.090923e-03
3.646825e+03 2.007172e-03
3.648661e+03 1.927962e-03
3.650498e+03 1.853608e-03
3.652335e+03 1.784202e-03
3.654172e+03 1.719620e-03
3.656008e+03 1.659539e-03
3.657845e+03 1.603467e-03
3.659682e+03 1.550782e-03
3.661518e+03 1.500781e-03
3.663355e+03 1.452725e-03
3.665192e+03 1.405896e-03
3.667029e+03 1.359637e-03
3.668865e+03 1.313395e-03
3.670702e+03 1.266750e-03
3.672539e+03 1.219438e-03
3.674376e+03 1.171358e-03
3.676212e+03 1.122565e-03
3.678049e+03 1.073263e-03
3.679886e+03 1.023775e-03
3.681722e+03 9.745176e-04
3.683559e+03 9.259609e-04
3.685396e+03 8.785944e-04
3.687233e+03 8.328901e-04
3.689069e+03 7.892695e-04
3.690906e+03 7.480768e-04
3.692743e+03 7.095593e-04
3.694580e+03 6.738561e-04
3.696416e+03 6.409951e-04
3.698253e+03 6.108983e-04
3.700090e+03 5.833952e-04
3.701927e+03 5.582402e-04
3.703763e+03 5.351358e-04
3.705600e+03 5.137563e-04
3.707437e+03 4.937723e-04
3.709273e+03 4.748725e-04
3.711110e+03 4.567820e-04
3.712947e+03 4.392766e-04
3.714784e+03 4.221904e-04
3.716620e+03 4.054186e-04
3.718457e+03 3.889144e-04
3.720294e+03 3.726818e-04
3.722131e+03 3.567645e-04
3.723967e+03 3.412324e-04
3.725804e+03 3.261682e-04
3.727641e+03 3.116533e-04
3.729477e+03 2.977568e-04
3.731314e+03 2.845262e-04
3.733151e+03 2.719825e-04
3.734988e+03 2.601183e-04
3.736824e+03 2.488996e-04
3.738661e+03 2.382711e-04
3.740498e+03 2.281631e-04
3.742335e+03 2.185007e-04
3.744171e+03 2.092125e-04
3.746008e+03 2.002390e-04
3.747845e+03 1.915398e-04
3.749681e+03 1.830975e-04
3.751518e+03 1.749195e-04
3.753355e+03 1.670368e-04
3.755192e+03 1.594995e-04
3.757028e+03 1.523709e-04
3.758865e+03 1.457185e-04
3.760702e+03 1.396058e-04
